Name,Throws,W,L,W-L%,ERA,SV,IP,H,R,ER,HR,BB,IBB,SO,HBP,BK,WP,BF,WHIP,H9,HR9,BB9,SO9,SO/W,Rel
Cory Abbott,R,2,2,0.5,4.62,1,39,37,22,20,7,16,1,37,2,0,2,168,1.359,8.5,1.6,3.7,8.5,2.31,17%
Albert Abreu,R,2,2,0.5,4.5,1,44,38,24,22,7,18,1,44,3,0,2,187,1.273,7.8,1.4,3.7,9,2.44,29%
Bryan Abreu,R,3,3,0.5,4.5,1,44,39,24,22,5,19,1,45,3,0,3,190,1.318,8,1,3.9,9.2,2.37,32%
Domingo Acevedo,R,2,2,0.5,4.06,1,31,28,15,14,5,11,0,30,1,0,1,129,1.258,8.1,1.5,3.2,8.7,2.73,10%
Jason Adam,R,2,2,0.5,4.24,1,34,30,18,16,4,14,1,37,2,0,1,146,1.294,7.9,1.1,3.7,9.8,2.64,23%
Austin Adams,R,3,3,0.5,4.25,1,53,41,27,25,5,26,1,63,10,0,3,230,1.264,7,0.8,4.4,10.7,2.42,43%
Joan Adon,R,3,3,0.5,4,2,63,57,31,28,9,23,1,66,3,0,3,268,1.27,8.1,1.3,3.3,9.4,2.87,6%
Keegan Akin,L,4,8,0.333,5.23,1,105,107,65,61,16,41,1,102,4,1,5,459,1.41,9.2,1.4,3.5,8.7,2.49,56%
Jorge Alcala,R,4,4,0.5,3.98,1,61,52,29,27,9,19,1,63,2,0,2,250,1.164,7.7,1.3,2.8,9.3,3.32,42%
Sandy Alcantara,R,8,11,0.421,3.47,1,174,148,78,67,19,54,2,166,8,1,5,723,1.161,7.7,1,2.8,8.6,3.07,75%
Tyler Alexander,L,4,5,0.444,4.05,1,100,99,47,45,15,29,1,91,5,0,3,426,1.28,8.9,1.4,2.6,8.2,3.14,61%
A.J. Alexy,R,5,3,0.625,4.15,2,65,53,32,30,9,28,1,63,3,0,2,275,1.246,7.3,1.2,3.9,8.7,2.25,20%
Kolby Allard,L,5,10,0.333,5,1,117,113,70,65,20,38,1,108,4,0,4,507,1.291,8.7,1.5,2.9,8.3,2.84,64%
Logan Allen,L,4,6,0.4,4.86,1,76,76,44,41,12,28,1,68,5,0,4,329,1.368,9,1.4,3.3,8.1,2.43,43%
Jose Alvarado,L,4,3,0.571,4.25,4,55,48,29,26,7,32,3,62,4,0,6,244,1.455,7.9,1.1,5.2,10.1,1.94,45%
Jose Alvarez,L,4,3,0.571,3.45,1,60,55,26,23,6,21,1,50,2,0,2,251,1.267,8.3,0.9,3.2,7.5,2.38,48%
Adbert Alzolay,R,6,9,0.4,4.35,2,118,103,60,57,19,40,2,123,5,2,3,497,1.212,7.9,1.4,3.1,9.4,3.08,60%
Ian Anderson,R,9,6,0.6,3.59,2,133,108,56,53,16,52,2,137,4,0,7,560,1.203,7.3,1.1,3.5,9.3,2.63,61%
Nick Anderson,R,2,2,0.5,3.94,2,32,27,15,14,4,11,1,36,1,0,1,135,1.188,7.6,1.1,3.1,10.1,3.27,27%
Tyler Anderson,L,8,10,0.444,4.58,1,159,159,86,81,24,49,2,134,4,1,3,676,1.308,9,1.4,2.8,7.6,2.73,70%
Tejay Antone,R,3,3,0.5,3.5,2,54,42,23,21,7,21,1,59,3,0,2,224,1.167,7,1.2,3.5,9.8,2.81,36%
Chris Archer,R,3,4,0.429,4.57,1,67,63,37,34,11,27,1,70,3,0,3,289,1.343,8.5,1.5,3.6,9.4,2.59,39%
Aaron Ashby,L,4,3,0.571,4.15,2,52,44,27,24,7,19,1,56,2,0,2,219,1.212,7.6,1.2,3.3,9.7,2.95,25%
Pedro Avila,R,3,4,0.429,4.06,2,62,56,31,28,8,24,1,64,3,0,3,266,1.29,8.1,1.2,3.5,9.3,2.67,6%
Michel Báez,R,2,2,0.5,4.2,1,30,27,15,14,4,11,1,30,2,0,1,128,1.267,8.1,1.2,3.3,9,2.73,13%
Pedro Baez,R,2,1,0.667,3.94,1,32,27,16,14,4,12,0,31,1,0,1,133,1.219,7.6,1.1,3.4,8.7,2.58,28%
Bryan Baker,R,1,1,0.5,4.15,1,26,23,13,12,3,9,0,25,1,0,2,109,1.231,8,1,3.1,8.7,2.78,1%
Anthony Banda,L,3,2,0.6,4.5,1,44,44,24,22,6,17,1,42,3,0,2,191,1.386,9,1.2,3.5,8.6,2.47,31%
Caleb Baragar,L,4,2,0.667,3.77,2,43,38,20,18,5,16,1,40,3,0,2,182,1.256,8,1,3.3,8.4,2.5,28%
Daniel Bard,R,5,5,0.5,4.57,10,65,64,36,33,8,29,2,68,5,0,3,284,1.431,8.9,1.1,4,9.4,2.34,48%
Joe Barlow,R,2,2,0.5,3.6,5,40,31,18,16,5,15,1,39,1,0,2,164,1.15,7,1.1,3.4,8.8,2.6,22%
Scott Barlow,R,4,3,0.571,3.6,7,70,62,29,28,7,27,2,80,3,0,4,297,1.271,8,0.9,3.5,10.3,2.96,55%
Matt Barnes,R,4,4,0.5,4.12,12,59,50,29,27,8,25,2,73,3,0,5,248,1.271,7.6,1.2,3.8,11.1,2.92,49%
Jaime Barria,R,4,6,0.4,4.45,1,89,90,47,44,13,30,1,78,4,0,2,385,1.348,9.1,1.3,3,7.9,2.6,53%
Anthony Bass,R,3,6,0.333,4,3,63,55,33,28,9,24,3,59,3,0,2,264,1.254,7.9,1.3,3.4,8.4,2.46,49%
Chris Bassitt,R,11,6,0.647,3.48,1,155,134,63,60,18,47,1,151,10,1,5,642,1.168,7.8,1,2.7,8.8,3.21,72%
Trevor Bauer,R,8,7,0.533,3.36,1,134,103,56,50,20,46,1,158,7,0,5,549,1.112,6.9,1.3,3.1,10.6,3.43,70%
Mike Baumann,R,2,2,0.5,4.8,1,30,28,17,16,4,12,0,29,2,0,1,130,1.333,8.4,1.2,3.6,8.7,2.42,11%
Shane Baz,R,5,3,0.625,3.76,2,67,56,31,28,10,23,1,72,3,0,3,280,1.179,7.5,1.3,3.1,9.7,3.13,11%
Eduard Bazardo,R,1,1,0.5,4,1,27,24,13,12,3,10,0,27,1,0,1,113,1.259,8,1,3.3,9,2.7,3%
David Bednar,R,3,2,0.6,3.63,2,57,48,24,23,7,20,1,63,2,0,2,237,1.193,7.6,1.1,3.2,9.9,3.15,41%
Tyler Beede,R,3,3,0.5,4.67,1,54,53,30,28,8,20,1,54,3,0,3,234,1.352,8.8,1.3,3.3,9,2.7,31%
Jalen Beeks,L,2,2,0.5,4.22,1,32,31,16,15,4,12,0,32,2,0,1,138,1.344,8.7,1.1,3.4,9,2.67,34%
Anthony Bender,R,3,3,0.5,3.7,2,56,47,25,23,6,20,2,60,4,0,3,235,1.196,7.6,1,3.2,9.6,3,38%
Jose Berrios,R,11,9,0.55,3.75,1,173,151,79,72,21,50,1,180,11,0,6,720,1.162,7.9,1.1,2.6,9.4,3.6,76%
Alec Bettinger,R,2,2,0.5,5.08,1,39,38,23,22,6,14,1,37,2,0,2,168,1.333,8.8,1.4,3.2,8.5,2.64,11%
Phil Bickford,R,3,3,0.5,3.88,1,51,43,24,22,7,19,3,54,3,0,2,214,1.216,7.6,1.2,3.4,9.5,2.84,35%
Shane Bieber,R,9,5,0.643,3.21,1,129,107,50,46,16,39,1,164,5,0,6,530,1.132,7.5,1.1,2.7,11.4,4.21,69%
Brandon Bielak,R,4,4,0.5,4.64,2,64,61,36,33,9,26,1,62,3,0,3,280,1.359,8.6,1.3,3.7,8.7,2.38,44%
Ty Blach,L,3,3,0.5,5.04,1,50,50,30,28,8,20,1,48,2,0,2,217,1.4,9,1.4,3.6,8.6,2.4,10%
Paul Blackburn,R,4,6,0.4,5.03,2,77,82,47,43,12,27,1,69,4,0,3,337,1.416,9.6,1.4,3.2,8.1,2.56,34%
Richard Bleier,L,3,3,0.5,3.81,1,59,55,27,25,6,15,2,49,3,0,2,242,1.186,8.4,0.9,2.3,7.5,3.27,47%
Ronald Bolanos,R,2,3,0.4,4.19,1,43,39,22,20,6,17,1,44,2,0,2,184,1.302,8.2,1.3,3.6,9.2,2.59,15%
Ryan Borucki,L,3,2,0.6,4.29,1,42,37,22,20,6,18,1,42,2,0,2,180,1.31,7.9,1.3,3.9,9,2.33,29%
Ben Bowden,L,3,2,0.6,4.81,1,43,43,26,23,6,18,1,45,2,0,2,191,1.419,9,1.3,3.8,9.4,2.5,31%
Brad Boxberger,R,4,4,0.5,3.92,3,62,53,30,27,8,25,1,67,4,0,3,263,1.258,7.7,1.2,3.6,9.7,2.68,47%
Matthew Boyd,L,6,9,0.4,4.58,1,116,113,63,59,19,38,1,117,7,1,6,497,1.302,8.8,1.5,2.9,9.1,3.08,66%
Archie Bradley,R,5,3,0.625,3.86,5,56,53,27,24,6,22,1,53,3,0,2,239,1.339,8.5,1,3.5,8.5,2.41,49%
Ryan Brasier,R,2,2,0.5,4.03,1,38,36,20,17,5,15,1,38,2,0,2,164,1.342,8.5,1.2,3.6,9,2.53,34%
John Brebbia,R,2,2,0.5,4.5,1,34,33,18,17,5,12,1,36,2,0,1,147,1.324,8.7,1.3,3.2,9.5,3,32%
Jake Brentz,L,4,3,0.571,3.95,2,57,47,29,25,7,26,1,61,4,1,4,245,1.281,7.4,1.1,4.1,9.6,2.35,41%
Zack Britton,L,2,2,0.5,3.92,3,39,34,19,17,4,18,1,36,2,0,3,166,1.333,7.8,0.9,4.2,8.3,2,35%
Connor Brogdon,R,4,3,0.571,3.95,1,57,49,28,25,7,20,2,56,2,0,2,240,1.211,7.7,1.1,3.2,8.8,2.8,40%
JT Brubaker,R,6,11,0.353,4.87,2,133,129,75,72,24,45,1,136,8,1,5,575,1.308,8.7,1.6,3,9.2,3.02,63%
Justin Bruihl,L,2,2,0.5,3.79,1,38,33,18,16,5,14,1,36,2,0,2,159,1.237,7.8,1.2,3.3,8.5,2.57,15%
Kris Bubic,L,6,8,0.429,4.22,1,130,119,66,61,20,54,1,124,6,1,2,557,1.331,8.2,1.4,3.7,8.6,2.3,64%
Walker Buehler,R,12,5,0.706,3.05,1,174,135,65,59,19,48,2,183,6,0,6,700,1.052,7,1,2.5,9.5,3.81,74%
J.B. Bukauskas,R,2,2,0.5,4.76,1,34,33,20,18,5,13,1,33,1,0,1,146,1.353,8.7,1.3,3.4,8.7,2.54,17%
Madison Bumgarner,L,7,9,0.438,4.56,1,144,136,79,73,24,42,3,129,10,1,3,609,1.236,8.5,1.5,2.6,8.1,3.07,72%
Aaron Bummer,L,3,3,0.5,3.54,2,56,45,26,22,5,24,2,61,3,0,3,235,1.232,7.2,0.8,3.9,9.8,2.54,47%
Dylan Bundy,R,6,9,0.4,4.73,1,120,111,69,63,19,43,1,118,7,0,4,512,1.283,8.3,1.4,3.2,8.9,2.74,67%
Brock Burke,L,3,3,0.5,4.5,2,60,55,32,30,9,22,1,58,3,0,2,257,1.283,8.3,1.4,3.3,8.7,2.64,9%
Corbin Burnes,R,9,6,0.6,3.22,2,151,122,58,54,13,44,1,196,6,0,6,618,1.099,7.3,0.8,2.6,11.7,4.45,69%
Ryan Burr,R,3,2,0.6,3.8,1,45,39,21,19,5,19,1,43,2,0,3,188,1.289,7.8,1,3.8,8.6,2.26,31%
Ty Buttrey,R,2,2,0.5,4.5,2,32,30,17,16,4,12,1,32,2,0,2,137,1.313,8.4,1.1,3.4,9,2.67,31%
Edward Cabrera,R,3,5,0.375,4.44,2,73,65,40,36,11,32,1,76,5,0,4,317,1.329,8,1.4,3.9,9.4,2.38,23%
Genesis Cabrera,L,4,4,0.5,3.82,1,66,54,32,28,6,30,1,72,5,0,6,284,1.273,7.4,0.8,4.1,9.8,2.4,50%
Paul Campbell,R,3,3,0.5,4.61,1,41,39,24,21,6,15,1,41,2,0,2,176,1.317,8.6,1.3,3.3,9,2.73,24%
Griffin Canning,R,6,6,0.5,4.54,1,105,98,57,53,17,41,1,107,4,0,6,451,1.324,8.4,1.5,3.5,9.2,2.61,58%
Carlos Carrasco,R,5,7,0.417,4.54,1,101,99,55,51,17,36,1,103,3,0,5,430,1.337,8.8,1.5,3.2,9.2,2.86,57%
Daniel Castano,L,3,5,0.375,4.13,2,72,69,36,33,10,27,1,62,3,0,3,310,1.333,8.6,1.3,3.4,7.8,2.3,31%
Humberto Castellanos,R,3,3,0.5,4.43,1,63,60,33,31,9,22,1,58,3,0,2,273,1.302,8.6,1.3,3.1,8.3,2.64,37%
Diego Castillo,R,5,4,0.556,3.39,8,61,49,27,23,8,22,2,68,4,0,3,253,1.164,7.2,1.2,3.2,10,3.09,49%
Luis Castillo,R,9,12,0.429,3.85,1,173,156,83,74,19,68,3,185,6,1,3,731,1.295,8.1,1,3.5,9.6,2.72,76%
Anthony Castro,R,2,2,0.5,4.26,1,38,34,20,18,5,14,1,40,2,0,3,162,1.263,8.1,1.2,3.3,9.5,2.86,22%
Kervin Castro,R,2,2,0.5,3.66,1,32,28,14,13,4,11,1,32,1,0,1,135,1.219,7.9,1.1,3.1,9,2.91,12%
Miguel Castro,R,3,4,0.429,4.03,1,67,57,33,30,8,33,1,73,4,0,5,292,1.343,7.7,1.1,4.4,9.8,2.21,55%
Dylan Cease,R,11,8,0.579,4.08,1,159,138,79,72,22,67,1,187,9,1,10,682,1.289,7.8,1.2,3.8,10.6,2.79,71%
Blake Cederlind,R,1,1,0.5,4.15,1,26,23,13,12,3,9,0,26,1,0,1,111,1.231,8,1,3.1,9,2.89,3%
Luis Cessa,R,3,2,0.6,3.57,1,63,57,29,25,8,22,1,58,2,0,2,265,1.254,8.1,1.1,3.1,8.3,2.64,52%
Jhoulys Chacin,R,3,4,0.429,4.64,1,64,60,36,33,10,27,1,57,2,0,2,276,1.359,8.4,1.4,3.8,8,2.11,52%
Andrew Chafin,L,3,4,0.429,3.34,3,62,52,25,23,7,21,1,62,2,0,3,256,1.177,7.5,1,3,9,2.95,48%
Aroldis Chapman,L,4,3,0.571,3.7,16,56,45,26,23,8,27,1,73,3,0,4,239,1.286,7.2,1.3,4.3,11.7,2.7,47%
JT Chargois,R,4,2,0.667,3.81,1,52,44,24,22,6,19,2,52,4,0,2,216,1.212,7.6,1,3.3,9,2.74,38%
Jesse Chavez,R,3,3,0.5,4.24,1,51,47,26,24,7,18,1,48,2,0,2,214,1.275,8.3,1.2,3.2,8.5,2.67,43%
Yonny Chirinos,R,3,3,0.5,4,1,54,49,26,24,8,18,1,51,3,1,2,228,1.241,8.2,1.3,3,8.5,2.83,35%
Adam Cimber,R,3,4,0.429,3.52,1,64,59,29,25,6,20,2,53,4,0,2,266,1.234,8.3,0.8,2.8,7.5,2.65,50%
Steve Cishek,R,2,3,0.4,3.88,2,65,59,32,28,7,31,2,61,5,1,3,282,1.385,8.2,1,4.3,8.4,1.97,53%
Jose Cisnero,R,4,4,0.5,3.94,2,64,57,33,28,7,27,1,64,4,0,3,274,1.313,8,1,3.8,9,2.37,50%
Aaron Civale,R,11,8,0.579,3.99,1,142,129,67,63,22,40,1,127,5,1,4,586,1.19,8.2,1.4,2.5,8,3.18,66%
Taylor Clarke,R,3,3,0.5,4.57,1,63,62,36,32,10,24,2,59,2,0,2,274,1.365,8.9,1.4,3.4,8.4,2.46,52%
Emmanuel Clase,R,4,4,0.5,2.85,11,60,49,23,19,5,18,2,63,2,0,3,249,1.117,7.4,0.8,2.7,9.5,3.5,44%
Sam Clay,L,2,4,0.333,4.69,1,48,48,27,25,6,20,2,43,3,0,2,210,1.417,9,1.1,3.8,8.1,2.15,35%
Garrett Cleavinger,L,2,3,0.4,4,1,36,34,19,16,6,15,1,37,2,0,1,155,1.361,8.5,1.5,3.8,9.3,2.47,18%
Mike Clevinger,R,5,3,0.625,3.68,1,71,62,31,29,9,25,1,76,2,0,2,294,1.225,7.9,1.1,3.2,9.6,3.04,41%
Alex Cobb,R,8,7,0.533,4.24,2,121,116,64,57,14,44,1,115,5,0,5,515,1.322,8.6,1,3.3,8.6,2.61,58%
Gerrit Cole,R,14,7,0.667,3.34,1,170,139,68,63,24,45,1,217,4,1,5,687,1.082,7.4,1.3,2.4,11.5,4.82,75%
Dylan Coleman,R,2,1,0.667,3.86,1,28,25,14,12,4,10,0,29,1,0,1,120,1.25,8,1.3,3.2,9.3,2.9,6%
Alex Colome,R,4,4,0.5,3.8,13,64,59,33,27,8,24,1,58,3,0,3,273,1.297,8.3,1.1,3.4,8.2,2.42,52%
Roansy Contreras,R,4,3,0.571,3.92,2,62,55,30,27,8,22,1,64,3,0,3,262,1.242,8,1.2,3.2,9.3,2.91,3%
Sam Coonrod,R,3,3,0.5,4.59,2,51,48,28,26,7,20,1,52,3,0,3,221,1.333,8.5,1.2,3.5,9.2,2.6,40%
Patrick Corbin,L,9,12,0.429,4.83,1,164,171,93,88,28,58,2,153,4,0,3,706,1.396,9.4,1.5,3.2,8.4,2.64,75%
Nestor Cortes,L,4,4,0.5,3.99,1,88,79,42,39,15,30,1,93,3,1,3,371,1.239,8.1,1.5,3.1,9.5,3.1,56%
Jharel Cotton,R,2,2,0.5,4.05,1,40,37,20,18,5,16,1,40,2,0,2,174,1.325,8.3,1.1,3.6,9,2.5,26%
Danny Coulombe,L,3,3,0.5,4.09,1,44,42,22,20,6,15,1,43,2,0,1,186,1.295,8.6,1.2,3.1,8.8,2.87,27%
Jake Cousins,R,2,2,0.5,3.83,1,40,33,18,17,5,17,1,45,3,0,2,170,1.25,7.4,1.1,3.8,10.1,2.65,24%
Kutter Crawford,R,3,4,0.429,4.57,2,61,57,33,31,9,23,1,62,3,0,3,263,1.311,8.4,1.3,3.4,9.1,2.7,3%
Nabil Crismatt,R,3,2,0.6,3.97,1,68,66,34,30,9,22,2,64,5,0,3,290,1.294,8.7,1.2,2.9,8.5,2.91,48%
Cooper Criswell,R,3,4,0.429,4.43,2,61,58,32,30,8,22,1,60,3,0,3,262,1.311,8.6,1.2,3.2,8.9,2.73,2%
Garrett Crochet,L,3,4,0.429,3.5,1,54,44,24,21,5,21,1,60,2,0,3,228,1.204,7.3,0.8,3.5,10,2.86,38%
Hans Crouse,R,3,4,0.429,4.08,2,64,55,32,29,9,26,1,62,3,0,3,272,1.266,7.7,1.3,3.7,8.7,2.38,7%
Wil Crowe,R,5,8,0.385,5.07,2,119,121,72,67,22,54,1,116,6,1,4,527,1.471,9.2,1.7,4.1,8.8,2.15,58%
Yu Darvish,R,9,9,0.5,3.95,1,164,140,76,72,25,48,2,187,8,0,9,673,1.146,7.7,1.4,2.6,10.3,3.9,74%
Tucker Davidson,L,3,4,0.429,4.11,2,70,62,37,32,10,28,1,70,3,0,3,302,1.286,8,1.3,3.6,9,2.5,19%
Zach Davies,R,9,10,0.474,4.59,1,153,150,84,78,22,63,2,127,5,0,3,661,1.392,8.8,1.3,3.7,7.5,2.02,73%
Austin Davis,L,2,2,0.5,4.73,1,40,38,23,21,6,16,1,40,2,0,2,174,1.35,8.6,1.4,3.6,9,2.5,30%
Jacob deGrom,R,8,5,0.615,2.61,1,124,88,40,36,12,31,1,161,3,0,3,487,0.96,6.4,0.9,2.3,11.7,5.19,66%
Miguel Del Pozo,L,2,2,0.5,4.66,1,29,28,16,15,4,12,1,28,1,0,1,125,1.379,8.7,1.2,3.7,8.7,2.33,12%
Anthony DeSclafani,R,10,7,0.588,3.85,1,152,137,69,65,21,47,2,141,5,0,6,633,1.211,8.1,1.2,2.8,8.3,3,72%
Reid Detmers,L,4,5,0.444,4.63,2,70,67,39,36,11,27,2,71,4,0,3,308,1.343,8.6,1.4,3.5,9.1,2.63,20%
Edwin Diaz,R,4,5,0.444,3.86,17,63,52,30,27,7,24,1,82,5,0,4,267,1.206,7.4,1,3.4,11.7,3.42,51%
Jhonathan Diaz,L,3,3,0.5,4.09,1,55,49,27,25,7,21,1,53,3,0,2,236,1.273,8,1.1,3.4,8.7,2.52,13%
Yennsy Diaz,R,2,2,0.5,4.26,1,38,35,20,18,6,15,1,37,2,0,1,162,1.316,8.3,1.4,3.6,8.8,2.47,22%
Jake Diekman,L,3,3,0.5,3.98,3,61,51,29,27,8,30,2,71,4,0,5,262,1.328,7.5,1.2,4.4,10.5,2.37,51%
Randy Dobnak,R,5,7,0.417,4.93,2,84,87,49,46,12,26,1,67,4,0,3,364,1.345,9.3,1.3,2.8,7.2,2.58,50%
Seranthony Dominguez,R,2,1,0.667,4.15,1,26,23,13,12,3,10,0,26,1,0,1,109,1.269,8,1,3.5,9,2.6,9%
Sean Doolittle,L,3,3,0.5,4.5,4,52,51,28,26,8,21,2,52,2,0,2,226,1.385,8.8,1.4,3.6,9,2.48,45%
Camilo Doval,R,3,2,0.6,3.92,2,39,33,18,17,5,14,1,42,2,0,2,162,1.205,7.6,1.2,3.2,9.7,3,21%
Tyler Duffey,R,3,3,0.5,3.57,2,63,52,28,25,7,24,1,66,3,0,3,260,1.206,7.4,1,3.4,9.4,2.75,50%
Danny Duffy,L,6,6,0.5,3.98,1,104,96,50,46,14,39,1,102,4,0,5,439,1.298,8.3,1.2,3.4,8.8,2.62,60%
Justin Dunn,R,5,5,0.5,4.04,2,98,79,46,44,14,48,1,94,5,0,3,419,1.296,7.3,1.3,4.4,8.6,1.96,47%
Dane Dunning,R,6,8,0.429,4.29,2,126,122,64,60,15,46,1,125,7,0,8,540,1.333,8.7,1.1,3.3,8.9,2.72,60%
Scott Effross,R,2,2,0.5,4.22,1,32,30,16,15,4,11,0,33,2,0,2,137,1.281,8.4,1.1,3.1,9.3,3,13%
Zach Eflin,R,7,8,0.467,4.11,1,127,128,64,58,18,33,2,123,4,0,3,537,1.268,9.1,1.3,2.3,8.7,3.73,68%
Kent Emanuel,L,2,2,0.5,3.97,1,34,30,16,15,5,12,0,32,2,0,1,142,1.235,7.9,1.3,3.2,8.5,2.67,15%
Nathan Eovaldi,R,10,8,0.556,4.08,1,161,160,77,73,19,43,2,167,8,0,7,682,1.261,8.9,1.1,2.4,9.3,3.88,71%
Paolo Espino,R,5,5,0.5,4.32,2,100,98,51,48,16,30,2,90,3,0,3,423,1.28,8.8,1.4,2.7,8.1,3,54%
Carlos Estevez,R,3,4,0.429,4.5,5,62,65,34,31,9,22,1,63,3,0,4,271,1.403,9.4,1.3,3.2,9.1,2.86,53%
Demarcus Evans,R,2,2,0.5,4.38,1,39,35,20,19,5,16,1,42,2,0,2,169,1.308,8.1,1.2,3.7,9.7,2.63,24%
Pete Fairbanks,R,4,5,0.444,4,3,54,50,28,24,6,23,1,62,2,0,4,235,1.352,8.3,1,3.8,10.3,2.7,43%
Bailey Falter,L,3,2,0.6,4.6,1,43,40,23,22,6,14,1,44,2,0,2,184,1.256,8.4,1.3,2.9,9.2,3.14,26%
Jeurys Familia,R,5,3,0.625,4.21,1,62,58,33,29,9,29,2,65,3,0,3,270,1.403,8.4,1.3,4.2,9.4,2.24,52%
Erick Fedde,R,7,8,0.467,4.8,1,135,135,79,72,21,51,5,119,5,1,3,587,1.378,9,1.4,3.4,7.9,2.33,68%
Ryan Feltner,R,3,4,0.429,4.57,2,63,59,35,32,10,25,1,64,4,0,3,273,1.333,8.4,1.4,3.6,9.1,2.56,8%
Caleb Ferguson,L,2,2,0.5,3.94,1,32,28,16,14,5,12,1,34,2,0,1,135,1.25,7.9,1.4,3.4,9.6,2.83,23%
Julian Fernandez,R,2,1,0.667,4.82,1,28,27,16,15,4,11,0,28,1,0,1,122,1.357,8.7,1.3,3.5,9,2.55,8%
Junior Fernandez,R,2,2,0.5,4.75,1,36,35,20,19,5,16,1,35,2,0,2,158,1.417,8.8,1.3,4,8.8,2.19,24%
J.P. Feyereisen,R,3,3,0.5,3.7,2,56,44,27,23,7,25,1,54,2,0,3,234,1.232,7.1,1.1,4,8.7,2.16,39%
Kyle Finnegan,R,4,5,0.444,3.88,5,65,61,35,28,9,29,3,65,3,0,5,281,1.385,8.4,1.2,4,9,2.24,48%
Jack Flaherty,R,9,5,0.643,3.58,1,108,85,48,43,15,36,1,119,6,0,4,446,1.12,7.1,1.3,3,9.9,3.31,63%
Josh Fleming,L,9,6,0.6,4.41,2,102,98,52,50,12,32,3,83,4,0,2,435,1.275,8.6,1.1,2.8,7.3,2.59,57%
Aaron Fletcher,L,2,1,0.667,4.82,1,28,27,16,15,4,11,0,28,2,0,1,123,1.357,8.7,1.3,3.5,9,2.55,9%
Chris Flexen,R,10,6,0.625,3.86,2,147,145,66,63,17,42,1,118,5,0,3,616,1.272,8.9,1,2.6,7.2,2.81,66%
Dylan Floro,R,5,4,0.556,3.66,6,64,57,29,26,6,23,2,60,2,0,2,269,1.25,8,0.8,3.2,8.4,2.61,50%
Jason Foley,R,2,2,0.5,3.9,1,30,27,15,13,4,11,0,29,2,0,2,129,1.267,8.1,1.2,3.3,8.7,2.64,10%
Matt Foster,R,4,2,0.667,4.42,1,53,48,28,26,8,19,1,54,2,0,2,226,1.264,8.2,1.4,3.2,9.2,2.84,38%
Kyle Freeland,L,7,9,0.438,4.6,1,139,147,74,71,22,48,2,120,5,0,3,600,1.403,9.5,1.4,3.1,7.8,2.5,69%
Luis Frias,R,2,1,0.667,4,1,27,24,13,12,3,11,0,27,1,0,1,114,1.296,8,1,3.7,9,2.45,4%
Max Fried,L,13,6,0.684,3.38,1,157,138,64,59,16,46,1,154,7,1,7,648,1.172,7.9,0.9,2.6,8.8,3.35,72%
Paul Fry,L,3,4,0.429,4.75,2,55,49,31,29,6,27,1,59,4,0,3,239,1.382,8,1,4.4,9.7,2.19,48%
Michael Fulmer,R,4,5,0.444,4.14,7,74,75,38,34,10,26,2,73,4,0,3,319,1.365,9.1,1.2,3.2,8.9,2.81,49%
Kyle Funkhouser,R,5,4,0.556,4.02,1,65,59,33,29,8,30,1,62,3,1,5,281,1.369,8.2,1.1,4.2,8.6,2.07,47%
Giovanny Gallegos,R,5,4,0.556,3.52,7,69,53,29,27,7,21,1,77,4,0,3,279,1.072,6.9,0.9,2.7,10,3.67,52%
Zac Gallen,R,6,9,0.4,3.86,1,140,120,64,60,19,54,1,156,6,0,7,594,1.243,7.7,1.2,3.5,10,2.89,67%
Bryan Garcia,R,3,3,0.5,4.94,3,51,50,31,28,8,23,1,46,2,0,4,224,1.431,8.8,1.4,4.1,8.1,2,40%
Deivi Garcia,R,4,5,0.444,4.44,2,73,67,39,36,10,24,1,74,4,0,2,315,1.247,8.3,1.2,3,9.1,3.08,25%
Jarlin Garcia,L,5,3,0.625,3.38,1,64,52,28,24,8,21,2,62,3,1,3,264,1.141,7.3,1.1,3,8.7,2.95,49%
Luis Garcia,R,2,2,0.5,4.2,2,45,41,23,21,6,18,1,44,2,0,3,193,1.311,8.2,1.2,3.6,8.8,2.44,39%
Luis Garcia,R,9,7,0.563,3.57,2,136,116,59,54,17,46,1,143,4,1,7,564,1.191,7.7,1.1,3,9.5,3.11,62%
Rony Garcia,R,2,2,0.5,4.5,1,36,33,20,18,6,14,1,35,1,0,2,155,1.306,8.3,1.5,3.5,8.8,2.5,16%
Yimi Garcia,R,4,5,0.444,4.03,6,58,49,29,26,8,20,2,59,2,0,1,241,1.19,7.6,1.2,3.1,9.2,2.95,47%
Amir Garrett,L,2,3,0.4,4.5,4,54,48,29,27,8,25,2,61,2,1,3,232,1.352,8,1.3,4.2,10.2,2.44,46%
Braxton Garrett,L,4,4,0.5,4.44,2,75,74,40,37,10,32,1,76,4,0,5,330,1.413,8.9,1.2,3.8,9.1,2.38,31%
Ralph Garza,R,2,3,0.4,4.05,1,40,35,20,18,6,16,1,40,2,0,2,171,1.275,7.9,1.4,3.6,9,2.5,24%
Kevin Gausman,R,10,8,0.556,3.54,1,168,144,73,66,20,50,2,191,5,0,7,695,1.155,7.7,1.1,2.7,10.2,3.82,73%
Joey Gerber,R,2,2,0.5,4.03,1,29,26,15,13,4,10,0,28,1,0,1,124,1.241,8.1,1.2,3.1,8.7,2.8,9%
Domingo German,R,7,5,0.583,4.33,1,104,94,53,50,17,33,1,104,4,1,4,435,1.221,8.1,1.5,2.9,9,3.15,60%
Kyle Gibson,R,9,9,0.5,4.26,1,167,159,86,79,21,63,2,150,9,1,4,711,1.329,8.6,1.1,3.4,8.1,2.38,75%
Luis Gil,R,4,4,0.5,3.84,2,75,63,35,32,10,32,1,82,3,0,3,321,1.267,7.6,1.2,3.8,9.8,2.56,24%
Logan Gilbert,R,7,6,0.538,4.35,2,120,108,61,58,16,35,2,127,6,0,7,507,1.192,8.1,1.2,2.6,9.5,3.63,56%
Tyler Gilbert,L,4,4,0.5,3.97,1,68,58,33,30,9,25,1,60,3,0,2,285,1.221,7.7,1.2,3.3,7.9,2.4,28%
Lucas Gilbreath,L,3,2,0.6,3.83,1,47,40,22,20,6,20,1,48,2,0,3,202,1.277,7.7,1.1,3.8,9.2,2.4,32%
Ken Giles,R,1,1,0.5,4.15,3,26,23,13,12,4,10,0,28,1,0,1,110,1.269,8,1.4,3.5,9.7,2.8,17%
Lucas Giolito,R,11,8,0.579,3.62,1,169,135,73,68,23,55,1,195,4,0,9,688,1.124,7.2,1.2,2.9,10.4,3.55,74%
Mychal Givens,R,3,3,0.5,3.95,5,57,49,28,25,9,24,2,60,3,0,3,239,1.281,7.7,1.4,3.8,9.5,2.5,48%
Tyler Glasnow,R,8,4,0.667,3.38,1,120,91,48,45,16,41,1,150,2,0,9,485,1.1,6.8,1.2,3.1,11.3,3.66,59%
Zack Godley,R,2,4,0.333,5.47,1,51,53,33,31,9,22,1,48,3,1,3,226,1.471,9.4,1.6,3.9,8.5,2.18,39%
Austin Gomber,L,8,8,0.5,4.19,1,118,104,60,55,17,45,2,116,5,0,3,501,1.263,7.9,1.3,3.4,8.8,2.58,59%
Tony Gonsolin,R,6,4,0.6,3.54,2,94,76,40,37,11,38,1,98,3,0,5,394,1.213,7.3,1.1,3.6,9.4,2.58,51%
Marco Gonzales,L,11,7,0.611,3.93,1,151,137,71,66,23,43,2,125,6,0,3,625,1.192,8.2,1.4,2.6,7.5,2.91,73%
Victor Gonzalez,L,4,2,0.667,3.67,1,49,43,22,20,5,19,1,49,3,0,2,210,1.265,7.9,0.9,3.5,9,2.58,34%
Anthony Gose,L,1,2,0.333,4.18,1,28,25,14,13,4,11,0,29,1,0,1,120,1.286,8,1.3,3.5,9.3,2.64,6%
Trevor Gott,R,2,2,0.5,4.82,1,28,26,16,15,4,11,0,28,1,0,1,120,1.321,8.4,1.3,3.5,9,2.55,21%
Ashton Goudeau,R,3,2,0.6,4.3,1,46,42,24,22,7,19,2,40,3,0,2,196,1.326,8.2,1.4,3.7,7.8,2.11,29%
Brusdar Graterol,R,3,2,0.6,3.96,1,50,45,24,22,5,17,3,46,4,0,2,211,1.24,8.1,0.9,3.1,8.3,2.71,36%
Kendall Graveman,R,4,3,0.571,3.51,5,59,48,26,23,6,22,1,59,5,0,3,244,1.186,7.3,0.9,3.4,9,2.68,41%
Jon Gray,R,8,10,0.444,4.53,1,145,139,80,73,20,55,2,142,7,0,7,623,1.338,8.6,1.2,3.4,8.8,2.58,71%
Josiah Gray,R,4,4,0.5,4.65,2,93,82,51,48,17,38,3,98,4,0,6,399,1.29,7.9,1.6,3.7,9.5,2.58,43%
Sonny Gray,R,8,8,0.5,3.97,1,143,120,68,63,18,56,1,158,7,1,9,601,1.231,7.6,1.1,3.5,9.9,2.82,71%
Chad Green,R,6,5,0.545,3.67,4,76,61,35,31,12,22,2,85,2,0,4,306,1.092,7.2,1.4,2.6,10.1,3.86,55%
Zack Greinke,R,10,7,0.588,4.03,1,163,156,77,73,24,39,1,134,4,0,4,666,1.196,8.6,1.3,2.2,7.4,3.44,74%
Sean Guenther,L,2,2,0.5,5.14,1,35,36,21,20,4,14,1,34,2,0,2,155,1.429,9.3,1,3.6,8.7,2.43,20%
Deolis Guerra,R,4,3,0.571,4.35,1,60,54,33,29,8,21,1,58,4,0,2,253,1.25,8.1,1.2,3.2,8.7,2.76,42%
Javy Guerra,R,2,1,0.667,4.8,1,30,30,17,16,4,11,0,30,1,0,2,132,1.367,9,1.2,3.3,9,2.73,16%
Jandel Gustave,R,2,2,0.5,3.97,1,34,31,18,15,4,12,1,31,2,0,2,146,1.265,8.2,1.1,3.2,8.2,2.58,22%
Vladimir Gutiérrez,R,8,6,0.571,4.46,2,117,112,61,58,18,45,1,103,5,1,4,505,1.342,8.6,1.4,3.5,7.9,2.29,55%
Josh Hader,L,3,3,0.5,3.05,20,59,40,22,20,7,23,1,82,3,1,3,241,1.068,6.1,1.1,3.5,12.5,3.57,48%
Brad Hand,L,5,5,0.5,3.86,16,63,56,33,27,8,23,3,66,4,0,3,269,1.254,8,1.1,3.3,9.4,2.87,51%
Will Harris,R,2,2,0.5,4.09,1,33,31,17,15,5,12,0,33,1,0,2,140,1.303,8.5,1.4,3.3,9,2.75,29%
Hunter Harvey,R,2,2,0.5,4.22,1,32,29,16,15,4,12,0,31,2,0,2,135,1.281,8.2,1.1,3.4,8.7,2.58,15%
Thomas Hatch,R,3,2,0.6,4.19,1,43,39,22,20,6,18,1,42,2,0,2,186,1.326,8.2,1.3,3.8,8.8,2.33,23%
Louis Head,R,3,2,0.6,3.8,1,45,38,21,19,5,16,1,43,3,0,2,187,1.2,7.6,1,3.2,8.6,2.69,25%
Andrew Heaney,L,8,8,0.5,5.06,1,137,133,80,77,25,46,1,150,7,0,5,587,1.307,8.7,1.6,3,9.9,3.26,69%
Taylor Hearn,L,5,5,0.5,4.4,1,90,81,48,44,13,36,1,86,4,0,5,382,1.3,8.1,1.3,3.6,8.6,2.39,55%
Jon Heasley,R,4,4,0.5,4.3,2,67,61,34,32,10,23,1,63,4,0,3,285,1.254,8.2,1.3,3.1,8.5,2.74,13%
Ryan Helsley,R,4,3,0.571,4.15,2,52,46,26,24,7,23,2,51,2,0,4,223,1.327,8,1.2,4,8.8,2.22,42%
Heath Hembree,R,3,4,0.429,5.03,4,59,54,36,33,11,24,1,67,3,0,2,253,1.322,8.2,1.7,3.7,10.2,2.79,47%
Kyle Hendricks,R,12,8,0.6,4.24,1,172,175,86,81,25,43,3,139,10,0,3,728,1.267,9.2,1.3,2.3,7.3,3.23,76%
Liam Hendriks,R,5,3,0.625,3.18,20,68,52,26,24,8,17,2,87,2,0,4,270,1.015,6.9,1.1,2.3,11.5,5.12,52%
Ryan Hendrix,R,3,2,0.6,4.61,1,41,39,23,21,7,17,1,42,2,0,3,176,1.366,8.6,1.5,3.7,9.2,2.47,26%
Sam Hentges,L,3,4,0.429,5.18,1,73,78,45,42,10,30,1,74,2,0,7,324,1.479,9.6,1.2,3.7,9.1,2.47,44%
Jimmy Herget,R,3,3,0.5,4.28,1,40,37,21,19,5,16,1,39,3,0,1,172,1.325,8.3,1.1,3.6,8.8,2.44,27%
Carlos Hernandez,R,5,4,0.556,3.89,1,88,77,41,38,10,37,1,84,4,1,5,375,1.295,7.9,1,3.8,8.6,2.27,50%
Darwinzon Hernandez,L,3,2,0.6,3.83,1,47,40,23,20,6,25,1,56,4,0,3,209,1.383,7.7,1.1,4.8,10.7,2.24,39%
Elieser Hernandez,R,4,5,0.444,4.2,1,90,84,45,42,17,28,2,94,6,0,3,384,1.244,8.4,1.7,2.8,9.4,3.36,51%
Jonathan Hernandez,R,3,2,0.6,3.97,1,34,30,16,15,4,13,0,35,2,0,1,146,1.265,7.9,1.1,3.4,9.3,2.69,21%
Codi Heuer,R,5,3,0.625,3.88,2,65,57,31,28,7,23,2,62,2,0,4,273,1.231,7.9,1,3.2,8.6,2.7,46%
Jordan Hicks,R,2,2,0.5,4.2,2,30,25,15,14,4,13,0,31,1,0,2,127,1.267,7.5,1.2,3.9,9.3,2.38,17%
Rich Hill,L,7,8,0.467,3.93,1,149,134,69,65,20,56,1,139,12,1,4,623,1.275,8.1,1.2,3.4,8.4,2.48,68%
Tim Hill,L,5,4,0.556,4.05,1,60,54,32,27,8,22,3,58,4,0,2,254,1.267,8.1,1.2,3.3,8.7,2.64,47%
Jeff Hoffman,R,4,5,0.444,5.01,1,79,79,47,44,13,38,2,81,5,0,7,353,1.481,9,1.5,4.3,9.2,2.13,56%
Jordan Holloway,R,3,3,0.5,4.08,1,53,45,27,24,6,25,1,54,2,0,3,230,1.321,7.6,1,4.2,9.2,2.16,29%
Clay Holmes,R,5,3,0.625,4.05,1,60,52,31,27,6,25,1,63,4,0,5,258,1.283,7.8,0.9,3.8,9.5,2.52,48%
Brent Honeywell Jr.,R,3,3,0.5,4.32,1,50,46,27,24,8,19,1,50,2,0,2,217,1.3,8.3,1.4,3.4,9,2.63,5%
Tanner Houck,R,4,5,0.444,3.7,2,90,75,41,37,9,32,1,103,6,0,4,377,1.189,7.5,0.9,3.2,10.3,3.22,45%
Adrian Houser,R,8,8,0.5,3.86,1,140,126,69,60,16,57,1,120,8,1,7,594,1.307,8.1,1,3.7,7.7,2.11,70%
Sam Howard,L,3,4,0.429,4.67,1,54,47,30,28,8,26,1,60,4,0,2,232,1.352,7.8,1.3,4.3,10,2.31,42%
Spencer Howard,R,3,6,0.333,5.29,2,85,83,55,50,12,36,1,87,4,0,5,376,1.4,8.8,1.3,3.8,9.2,2.42,43%
Dakota Hudson,R,5,3,0.625,3.63,1,72,63,33,29,9,29,2,64,4,0,3,305,1.278,7.9,1.1,3.6,8,2.21,49%
Daniel Hudson,R,5,3,0.625,3.95,4,57,49,28,25,9,21,1,64,3,0,2,238,1.228,7.7,1.4,3.3,10.1,3.05,48%
Raisel Iglesias,R,5,5,0.5,3.55,19,66,56,30,26,9,19,1,80,2,1,2,272,1.136,7.6,1.2,2.6,10.9,4.21,52%
Cole Irvin,L,8,11,0.421,4.34,2,145,151,78,70,19,41,1,117,7,0,4,623,1.324,9.4,1.2,2.5,7.3,2.85,68%
Tyler Ivey,R,3,3,0.5,4.35,2,62,57,32,30,9,22,1,62,3,0,3,266,1.274,8.3,1.3,3.2,9,2.82,5%
Andre Jackson,R,2,2,0.5,4.06,1,31,28,15,14,4,12,0,31,1,0,1,132,1.29,8.1,1.2,3.5,9,2.58,11%
Jay Jackson,R,2,2,0.5,4.14,1,37,33,19,17,5,16,1,39,2,0,1,157,1.324,8,1.2,3.9,9.5,2.44,25%
Luke Jackson,R,4,3,0.571,3.66,3,64,59,29,26,8,26,2,68,3,0,3,274,1.328,8.3,1.1,3.7,9.6,2.62,53%
Josh James,R,2,1,0.667,4.5,1,34,30,19,17,5,16,0,39,2,0,3,147,1.353,7.9,1.3,4.2,10.3,2.44,29%
Kenley Jansen,R,4,4,0.5,3.41,21,66,51,29,25,7,28,2,74,3,1,3,275,1.197,7,1,3.8,10.1,2.64,52%
Cristian Javier,R,6,3,0.667,3.67,2,103,77,45,42,16,44,1,118,6,1,6,430,1.175,6.7,1.4,3.8,10.3,2.68,59%
Griffin Jax,R,5,5,0.5,5.23,2,93,89,58,54,19,34,1,84,5,0,5,403,1.323,8.6,1.8,3.3,8.1,2.47,47%
Daulton Jefferies,R,3,2,0.6,4.4,1,43,39,22,21,6,16,1,40,2,0,2,184,1.279,8.2,1.3,3.3,8.4,2.5,14%
Joe Jimenez,R,4,3,0.571,4.83,3,54,47,32,29,8,25,1,60,5,0,3,236,1.333,7.8,1.3,4.2,10,2.4,48%
Pierce Johnson,R,4,4,0.5,3.69,1,61,53,27,25,7,25,2,68,2,0,4,255,1.279,7.8,1,3.7,10,2.72,43%
Damon Jones,L,1,1,0.5,4.32,1,25,23,13,12,3,10,0,25,1,0,1,108,1.32,8.3,1.1,3.6,9,2.5,1%
Jakob Junis,R,4,5,0.444,4.86,1,74,77,43,40,12,25,1,71,3,0,3,320,1.378,9.4,1.5,3,8.6,2.84,56%
Janson Junk,R,3,4,0.429,4.1,2,68,65,36,31,11,22,1,65,3,0,3,292,1.279,8.6,1.5,2.9,8.6,2.95,15%
Tommy Kahnle,R,1,1,0.5,4.32,1,25,23,13,12,4,9,1,27,1,0,2,107,1.28,8.3,1.4,3.2,9.7,3,18%
James Kaprielian,R,7,5,0.583,4.15,2,115,102,56,53,17,41,1,117,5,0,3,486,1.243,8,1.3,3.2,9.2,2.85,56%
James Karinchak,R,5,4,0.556,3.9,6,60,46,29,26,8,27,1,75,2,0,4,254,1.217,6.9,1.2,4.1,11.3,2.78,44%
Anthony Kay,L,3,3,0.5,4.58,1,57,56,32,29,8,25,1,60,3,0,3,251,1.421,8.8,1.3,3.9,9.5,2.4,38%
Brad Keller,R,9,10,0.474,4.44,1,142,141,76,70,16,59,1,125,7,0,6,618,1.408,8.9,1,3.7,7.9,2.12,71%
Mitch Keller,R,6,9,0.4,5.12,2,116,125,69,66,14,52,1,114,6,0,4,519,1.526,9.7,1.1,4,8.8,2.19,60%
Joe Kelly,R,3,2,0.6,3.78,2,50,43,24,21,6,20,1,52,3,0,3,212,1.26,7.7,1.1,3.6,9.4,2.6,42%
Merrill Kelly,R,8,10,0.444,4.35,1,147,147,75,71,21,44,3,129,4,0,3,623,1.299,9,1.3,2.7,7.9,2.93,72%
Ian Kennedy,R,3,3,0.5,4.11,13,57,54,29,26,10,20,2,58,2,0,2,242,1.298,8.5,1.6,3.2,9.2,2.9,48%
Clayton Kershaw,L,11,7,0.611,3.51,1,136,116,58,53,19,33,1,146,4,1,6,552,1.096,7.7,1.3,2.2,9.7,4.42,69%
Dallas Keuchel,L,10,9,0.526,4.41,1,157,164,85,77,21,56,1,113,7,0,5,678,1.401,9.4,1.2,3.2,6.5,2.02,72%
Yusei Kikuchi,L,7,9,0.438,4.59,1,151,146,83,77,24,58,1,146,5,0,6,646,1.351,8.7,1.4,3.5,8.7,2.52,72%
Craig Kimbrel,R,3,4,0.429,3.81,12,59,46,27,25,8,25,1,76,3,0,5,247,1.203,7,1.2,3.8,11.6,3.04,44%
John King,L,5,4,0.556,4.06,1,51,47,27,23,6,17,1,48,3,0,2,217,1.255,8.3,1.1,3,8.5,2.82,36%
Michael King,R,3,4,0.429,4.2,1,75,69,39,35,9,28,1,74,5,0,4,322,1.293,8.3,1.1,3.4,8.9,2.64,47%
Tyler Kinley,R,3,3,0.5,4.43,1,67,57,35,33,9,28,1,65,3,0,4,282,1.269,7.7,1.2,3.8,8.7,2.32,52%
Andrew Kittredge,R,5,3,0.625,3.27,4,66,58,28,24,8,20,2,67,3,0,4,273,1.182,7.9,1.1,2.7,9.1,3.35,48%
Gabe Klobosits,R,2,2,0.5,4.35,1,31,29,16,15,4,12,1,29,2,0,2,132,1.323,8.4,1.2,3.5,8.4,2.42,12%
Corey Kluber,R,6,5,0.545,4.23,2,100,96,51,47,12,41,1,99,6,0,4,430,1.37,8.6,1.1,3.7,8.9,2.41,50%
Corey Knebel,R,3,2,0.6,4,2,45,40,22,20,6,18,1,47,2,0,1,191,1.289,8,1.2,3.6,9.4,2.61,26%
Reiss Knehr,R,3,3,0.5,4.33,1,54,47,28,26,6,24,1,51,3,0,3,233,1.315,7.8,1,4,8.5,2.13,24%
Adam Kolarek,L,2,2,0.5,4.11,1,35,33,18,16,5,13,1,31,2,0,2,149,1.314,8.5,1.3,3.3,8,2.38,30%
Michael Kopech,R,4,3,0.571,3.86,1,63,53,28,27,8,22,1,77,2,0,3,264,1.19,7.6,1.1,3.1,11,3.5,42%
Jackson Kowar,R,3,6,0.333,5.83,2,71,73,49,46,11,31,1,71,4,0,7,318,1.465,9.3,1.4,3.9,9,2.29,28%
Max Kranick,R,5,5,0.5,4.78,2,79,78,45,42,10,32,3,77,5,0,4,349,1.392,8.9,1.1,3.6,8.8,2.41,31%
Joey Krehbiel,R,2,2,0.5,4.34,1,29,26,15,14,4,11,0,28,1,0,1,124,1.276,8.1,1.2,3.4,8.7,2.55,8%
Dean Kremer,R,4,7,0.364,5.28,2,92,90,57,54,17,38,1,90,3,0,5,402,1.391,8.8,1.7,3.7,8.8,2.37,43%
Chad Kuhl,R,6,7,0.462,4.45,1,97,87,55,48,15,46,1,94,7,0,7,419,1.371,8.1,1.4,4.3,8.7,2.04,55%
Jimmy Lambert,R,3,3,0.5,4.33,1,52,49,27,25,8,20,1,50,3,1,2,223,1.327,8.5,1.4,3.5,8.7,2.5,14%
Peter Lambert,R,3,4,0.429,5.14,1,63,65,38,36,10,23,1,57,3,0,3,277,1.397,9.3,1.4,3.3,8.1,2.48,30%
Dinelson Lamet,R,4,5,0.444,3.74,1,89,76,41,37,11,34,1,104,5,0,4,376,1.236,7.7,1.1,3.4,10.5,3.06,55%
Alex Lange,R,2,3,0.4,4.19,1,43,40,22,20,6,17,1,44,3,0,3,186,1.326,8.4,1.3,3.6,9.2,2.59,29%
Eric Lauer,L,7,6,0.538,4,1,117,104,56,52,16,43,2,116,4,0,4,497,1.256,8,1.2,3.3,8.9,2.7,65%
Justin Lawrence,R,2,2,0.5,4.91,1,33,32,19,18,4,16,1,33,1,0,2,147,1.455,8.7,1.1,4.4,9,2.06,18%
Jose Leclerc,R,1,2,0.333,4.33,2,27,24,14,13,3,11,0,29,2,0,2,116,1.296,8,1,3.7,9.7,2.64,21%
Dylan Lee,L,1,1,0.5,4.15,1,26,24,14,12,4,9,0,26,1,0,1,111,1.269,8.3,1.4,3.1,9,2.89,2%
Dominic Leone,R,3,3,0.5,3.7,2,56,49,26,23,7,23,1,56,2,0,2,239,1.286,7.9,1.1,3.7,9,2.43,44%
Zack Littell,R,4,2,0.667,3.72,2,58,51,27,24,8,22,1,58,2,1,3,245,1.259,7.9,1.2,3.4,9,2.64,45%
Jonathan Loaisiga,R,6,4,0.6,3.44,3,68,59,28,26,7,22,1,68,4,0,3,285,1.191,7.8,0.9,2.9,9,3.09,50%
Sam Long,L,3,3,0.5,4.5,1,60,54,33,30,8,22,1,59,3,0,4,257,1.267,8.1,1.2,3.3,8.9,2.68,31%
Jorge Lopez,R,5,10,0.333,5.48,1,120,129,78,73,20,48,2,110,8,1,8,531,1.475,9.7,1.5,3.6,8.3,2.29,68%
Pablo Lopez,R,8,7,0.533,3.76,1,127,112,57,53,14,38,2,133,8,0,4,529,1.181,7.9,1,2.7,9.4,3.5,65%
Reynaldo Lopez,R,5,6,0.455,4.45,1,85,79,47,42,15,29,1,82,3,0,3,360,1.271,8.4,1.6,3.1,8.7,2.83,59%
Yoan López,R,2,2,0.5,4.5,1,36,35,20,18,6,14,2,34,1,0,1,157,1.361,8.8,1.5,3.5,8.5,2.43,33%
Michael Lorenzen,R,2,3,0.4,4.22,3,49,44,25,23,6,20,1,47,2,0,3,210,1.306,8.1,1.1,3.7,8.6,2.35,46%
Aaron Loup,L,5,2,0.714,2.95,1,61,50,23,20,6,20,1,59,4,0,2,249,1.148,7.4,0.9,3,8.7,2.95,42%
Zac Lowther,L,3,4,0.429,4.72,1,61,59,34,32,9,23,1,62,4,0,3,265,1.344,8.7,1.3,3.4,9.1,2.7,26%
Joey Lucchesi,L,4,5,0.444,4.32,1,75,70,38,36,10,26,1,75,3,0,3,318,1.28,8.4,1.2,3.1,9,2.88,50%
Lucas Luetge,L,3,3,0.5,3.63,1,62,58,30,25,7,19,1,62,3,0,5,261,1.242,8.4,1,2.8,9,3.26,43%
Seth Lugo,R,4,4,0.5,4.05,3,60,55,29,27,8,21,2,67,3,0,2,254,1.267,8.3,1.2,3.2,10.1,3.19,50%
Jesus Luzardo,L,7,7,0.5,5.02,2,113,110,66,63,18,45,2,117,5,0,7,493,1.372,8.8,1.4,3.6,9.3,2.6,61%
Jordan Lyles,R,9,11,0.45,4.97,1,163,168,95,90,30,57,1,140,6,0,8,700,1.38,9.3,1.7,3.1,7.7,2.46,74%
Daniel Lynch,L,6,6,0.5,4.79,2,94,95,54,50,12,38,1,88,5,1,5,413,1.415,9.1,1.1,3.6,8.4,2.32,44%
Lance Lynn,R,11,7,0.611,3.41,1,161,138,66,61,20,51,2,173,6,0,7,669,1.174,7.7,1.1,2.9,9.7,3.39,74%
Andres Machado,R,2,2,0.5,3.98,1,43,38,22,19,6,17,1,41,3,0,2,183,1.279,8,1.3,3.6,8.6,2.41,28%
Kenta Maeda,R,8,6,0.571,4.15,2,128,113,63,59,18,40,1,135,6,0,4,531,1.195,7.9,1.3,2.8,9.5,3.38,67%
Tyler Mahle,R,10,8,0.556,4,1,162,144,77,72,23,58,1,181,9,1,5,688,1.247,8,1.3,3.2,10.1,3.12,73%
Sean Manaea,L,10,9,0.526,4.01,1,164,159,77,73,22,43,1,168,8,1,5,689,1.232,8.7,1.2,2.4,9.2,3.91,70%
Matt Manning,R,6,7,0.462,4.81,2,103,101,60,55,13,38,1,89,4,0,3,450,1.35,8.8,1.1,3.3,7.8,2.34,49%
Alek Manoah,R,8,4,0.667,3.57,2,116,89,50,46,14,41,1,128,11,1,2,484,1.121,6.9,1.1,3.2,9.9,3.12,53%
Joe Mantiply,L,2,3,0.4,4.2,1,45,45,25,21,5,19,2,44,2,0,2,198,1.422,9,1,3.8,8.8,2.32,32%
Nick Margevicius,L,3,5,0.375,4.77,1,66,63,40,35,10,24,1,63,3,0,3,285,1.318,8.6,1.4,3.3,8.6,2.63,39%
Brailyn Marquez,L,1,1,0.5,4.32,1,25,23,13,12,3,10,0,26,1,0,1,108,1.32,8.3,1.1,3.6,9.4,2.6,1%
German Marquez,R,11,10,0.524,4.24,1,172,158,88,81,21,56,3,170,5,0,12,724,1.244,8.3,1.1,2.9,8.9,3.04,75%
Jose Marte,R,2,2,0.5,4.33,1,27,25,14,13,4,10,0,28,1,0,1,115,1.296,8.3,1.3,3.3,9.3,2.8,4%
Brett Martin,L,3,3,0.5,3.75,1,60,58,30,25,7,20,2,53,2,0,3,258,1.3,8.7,1.1,3,8,2.65,50%
Chris Martin,R,3,3,0.5,3.81,2,52,49,24,22,6,14,1,48,3,0,1,214,1.212,8.5,1,2.4,8.3,3.43,43%
Corbin Martin,R,3,4,0.429,5.12,1,58,57,35,33,10,26,1,56,3,0,2,256,1.431,8.8,1.6,4,8.7,2.15,23%
Seth Martinez,R,1,1,0.5,4.33,1,27,25,14,13,4,10,0,26,1,0,1,114,1.296,8.3,1.3,3.3,8.7,2.6,4%
Phil Maton,R,5,3,0.625,4.57,1,65,61,35,33,7,26,1,73,5,0,2,281,1.338,8.4,1,3.6,10.1,2.81,51%
Isaac Mattson,R,1,1,0.5,4.33,1,27,25,14,13,4,11,0,27,1,0,1,117,1.333,8.3,1.3,3.7,9,2.45,5%
Steven Matz,L,10,8,0.556,4.37,1,142,146,75,69,22,46,2,138,6,1,5,610,1.352,9.3,1.4,2.9,8.7,3,71%
Tyler Matzek,L,3,4,0.429,3.52,1,64,52,27,25,6,29,3,72,3,0,4,272,1.266,7.3,0.8,4.1,10.1,2.48,46%
Dustin May,R,4,4,0.5,3.51,1,77,65,34,30,11,24,1,80,3,0,3,322,1.156,7.6,1.3,2.8,9.4,3.33,42%
Trevor May,R,5,3,0.625,3.86,3,63,55,30,27,9,24,2,73,2,0,5,265,1.254,7.9,1.3,3.4,10.4,3.04,51%
Mike Mayers,R,4,4,0.5,3.93,2,71,65,34,31,10,26,1,79,3,0,2,302,1.282,8.2,1.3,3.3,10,3.04,52%
Tim Mayza,L,3,3,0.5,3.98,1,52,44,25,23,6,18,1,53,3,0,2,216,1.192,7.6,1,3.1,9.2,2.94,42%
Shane McClanahan,L,9,6,0.6,3.69,2,122,113,53,50,15,40,1,134,4,0,7,514,1.254,8.3,1.1,3,9.9,3.35,56%
Lance McCullers Jr.,R,11,7,0.611,3.58,2,156,126,67,62,15,67,1,168,10,0,6,658,1.237,7.3,0.9,3.9,9.7,2.51,68%
T.J. McFarland,L,3,2,0.6,3.96,1,50,49,24,22,6,17,1,39,2,0,2,209,1.32,8.8,1.1,3.1,7,2.29,42%
Jake McGee,L,3,3,0.5,3.75,12,60,53,29,25,8,17,1,60,3,0,1,251,1.167,8,1.2,2.6,9,3.53,47%
Collin McHugh,R,4,3,0.571,3.38,1,64,55,27,24,7,20,1,67,3,0,2,264,1.172,7.7,1,2.8,9.4,3.35,47%
Brendan McKay,L,3,3,0.5,4.25,1,55,51,29,26,8,20,1,56,2,0,2,234,1.291,8.3,1.3,3.3,9.2,2.8,15%
Triston McKenzie,R,6,8,0.429,4.43,2,126,96,64,62,20,52,1,141,4,1,3,524,1.175,6.9,1.4,3.7,10.1,2.71,59%
John Means,L,7,9,0.438,3.88,1,144,126,67,62,26,35,1,133,6,0,5,592,1.118,7.9,1.6,2.2,8.3,3.8,70%
Nick Mears,R,2,2,0.5,4.26,1,38,35,20,18,6,16,1,39,1,0,2,166,1.342,8.3,1.4,3.8,9.2,2.44,24%
Adonis Medina,R,2,2,0.5,4.07,1,42,39,21,19,5,16,1,42,3,0,2,183,1.31,8.4,1.1,3.4,9,2.63,11%
Tylor Megill,R,5,6,0.455,4.29,2,105,98,53,50,18,35,1,111,4,0,3,445,1.267,8.4,1.5,3,9.5,3.17,49%
Humberto Mejia,R,3,6,0.333,4.74,2,74,75,43,39,12,28,2,74,3,0,2,324,1.392,9.1,1.5,3.4,9,2.64,26%
J.C. Mejia,R,3,6,0.333,5.59,1,74,73,48,46,13,29,1,72,4,1,3,322,1.378,8.9,1.6,3.5,8.8,2.48,37%
Mark Melancon,R,4,3,0.571,3.43,18,63,59,28,24,6,23,3,58,3,0,3,267,1.302,8.4,0.9,3.3,8.3,2.52,51%
Julian Merryweather,R,2,2,0.5,4.39,2,41,38,21,20,6,15,1,40,2,0,2,174,1.293,8.3,1.3,3.3,8.8,2.67,19%
Miles Mikolas,R,4,5,0.444,4.28,1,82,81,43,39,12,24,1,70,4,0,3,347,1.28,8.9,1.3,2.6,7.7,2.92,52%
Wade Miley,L,10,7,0.588,3.88,1,144,144,67,62,17,51,1,120,5,1,3,616,1.354,9,1.1,3.2,7.5,2.35,71%
Alec Mills,R,7,7,0.5,4.61,2,125,127,69,64,18,40,2,105,7,0,4,533,1.336,9.1,1.3,2.9,7.6,2.63,65%
Wyatt Mills,R,2,2,0.5,4.94,1,31,31,18,17,4,12,0,31,2,0,2,137,1.387,9,1.2,3.5,9,2.58,14%
Hoby Milner,L,2,2,0.5,4.85,1,39,40,23,21,8,13,1,41,2,0,1,171,1.359,9.2,1.8,3,9.5,3.15,26%
Mike Minor,L,8,11,0.421,4.68,1,154,147,84,80,24,49,1,148,6,0,4,650,1.273,8.6,1.4,2.9,8.6,3.02,74%
A.J. Minter,L,3,4,0.429,3.95,2,57,51,28,25,6,23,2,59,2,1,2,243,1.298,8.1,0.9,3.6,9.3,2.57,45%
Anthony Misiewicz,L,4,4,0.5,4.34,1,58,57,30,28,7,19,2,58,2,0,4,247,1.31,8.8,1.1,2.9,9,3.05,42%
Casey Mize,R,7,9,0.438,4.03,2,143,125,68,64,22,45,1,127,10,0,7,598,1.189,7.9,1.4,2.8,8,2.82,64%
Sam Moll,L,2,2,0.5,4.2,1,30,27,15,14,4,12,0,29,2,0,1,129,1.3,8.1,1.2,3.6,8.7,2.42,10%
Frankie Montas,R,11,9,0.55,3.75,1,168,152,78,70,20,56,1,181,7,0,9,707,1.238,8.1,1.1,3,9.7,3.23,73%
Rafael Montero,R,4,3,0.571,4.83,5,54,54,33,29,7,19,1,52,4,0,3,235,1.352,9,1.2,3.2,8.7,2.74,44%
Jordan Montgomery,L,7,8,0.467,4.14,2,150,144,75,69,20,49,1,153,4,1,10,638,1.287,8.6,1.2,2.9,9.2,3.12,67%
Jovani Moran,L,2,1,0.667,4.34,1,29,27,15,14,4,12,0,30,1,0,1,125,1.345,8.4,1.2,3.7,9.3,2.5,9%
Adrián Morejón,L,3,3,0.5,4.15,1,52,48,27,24,9,18,1,54,2,0,2,221,1.269,8.3,1.6,3.1,9.3,3,18%
Dauri Moreta,R,1,1,0.5,4,1,27,24,13,12,4,10,0,27,1,0,1,114,1.259,8,1.3,3.3,9,2.7,3%
Eli Morgan,R,6,7,0.462,4.63,2,105,99,57,54,18,32,1,101,5,1,2,445,1.248,8.5,1.5,2.7,8.7,3.16,49%
Charlie Morton,R,11,7,0.611,3.7,1,163,137,74,67,16,54,1,179,13,0,5,676,1.172,7.6,0.9,3,9.9,3.31,74%
Kyle Muller,L,4,5,0.444,4.14,2,74,63,36,34,8,31,1,76,4,0,7,317,1.27,7.7,1,3.8,9.2,2.45,28%
Andres Munoz,R,1,1,0.5,3.96,1,25,22,12,11,3,10,0,27,1,0,1,108,1.28,7.9,1.1,3.6,9.7,2.7,8%
Patrick Murphy,R,2,3,0.4,4.17,1,41,39,21,19,5,15,1,41,3,0,2,176,1.317,8.6,1.1,3.3,9,2.73,27%
Joe Musgrove,R,9,10,0.474,3.71,1,160,137,72,66,20,51,2,172,12,0,4,671,1.175,7.7,1.1,2.9,9.7,3.37,73%
Tommy Nance,R,2,2,0.5,5.08,1,39,36,23,22,6,16,1,39,2,0,4,169,1.333,8.3,1.4,3.7,9,2.44,24%
Packy Naughton,L,3,5,0.375,4.57,2,61,59,34,31,8,25,1,56,3,0,2,268,1.377,8.7,1.2,3.7,8.3,2.24,21%
Nick Neidert,R,3,4,0.429,4.24,1,68,61,34,32,9,29,1,60,5,0,4,292,1.324,8.1,1.2,3.8,7.9,2.07,31%
Jimmy Nelson,R,2,3,0.4,3.86,1,42,35,20,18,5,17,1,46,3,0,3,177,1.238,7.5,1.1,3.6,9.9,2.71,27%
Kyle Nelson,L,2,2,0.5,4.8,1,30,28,17,16,4,12,0,30,2,0,1,131,1.333,8.4,1.2,3.6,9,2.5,12%
Nick Nelson,R,2,2,0.5,4.71,1,42,39,25,22,5,20,1,44,3,0,3,183,1.405,8.4,1.1,4.3,9.4,2.2,26%
Hector Neris,R,4,5,0.444,3.97,10,68,58,34,30,9,28,2,78,4,1,4,289,1.265,7.7,1.2,3.7,10.3,2.79,54%
Sean Newcomb,L,3,2,0.6,4.5,1,48,44,26,24,6,23,1,49,3,0,3,209,1.396,8.3,1.1,4.3,9.2,2.13,42%
Aaron Nola,R,9,9,0.5,4.24,1,170,150,84,80,23,51,2,199,8,1,3,708,1.182,7.9,1.2,2.7,10.5,3.9,75%
Daniel Norris,L,3,4,0.429,4.64,1,66,63,36,34,9,25,1,64,2,0,3,281,1.333,8.6,1.2,3.4,8.7,2.56,57%
James Norwood,R,1,2,0.333,4.18,1,28,27,14,13,4,11,0,27,1,0,1,120,1.357,8.7,1.3,3.5,8.7,2.45,10%
Darien Núñez,L,2,2,0.5,4.37,1,35,32,19,17,5,13,1,34,2,0,1,148,1.286,8.2,1.3,3.3,8.7,2.62,8%
Riley O'Brien,R,3,4,0.429,4.28,2,61,56,32,29,9,24,1,61,3,0,3,261,1.311,8.3,1.3,3.5,9,2.54,2%
Darren O'Day,R,2,2,0.5,3.86,1,35,31,17,15,5,13,0,35,2,0,1,148,1.257,8,1.3,3.3,9,2.69,20%
Bailey Ober,R,5,5,0.5,4.16,2,106,100,52,49,18,30,1,109,3,0,3,444,1.226,8.5,1.5,2.5,9.3,3.63,49%
Scott Oberg,R,2,1,0.667,3.96,1,25,22,12,11,3,10,1,25,1,0,1,105,1.28,7.9,1.1,3.6,9,2.5,16%
Jake Odorizzi,R,7,7,0.5,4.15,1,115,107,57,53,16,40,1,110,4,0,2,486,1.278,8.4,1.3,3.1,8.6,2.75,64%
Steven Okert,L,3,2,0.6,3.77,1,43,36,20,18,6,17,1,44,3,0,3,180,1.233,7.5,1.3,3.6,9.2,2.59,26%
Oliver Ortega,R,2,1,0.667,4.2,1,30,28,15,14,4,10,0,28,2,0,1,126,1.267,8.4,1.2,3,8.4,2.8,9%
Adam Ottavino,R,5,4,0.556,4.13,5,61,56,30,28,7,29,2,66,4,0,3,265,1.393,8.3,1,4.3,9.7,2.28,52%
Glenn Otto,R,3,5,0.375,5.13,2,72,71,43,41,9,26,1,75,4,0,3,313,1.347,8.9,1.1,3.3,9.4,2.88,22%
Johan Oviedo,R,3,7,0.3,4.41,2,96,88,53,47,12,43,2,88,8,0,5,424,1.365,8.3,1.1,4,8.3,2.05,48%
Luis Oviedo,R,2,2,0.5,5.27,1,41,39,26,24,5,20,1,43,2,0,2,184,1.439,8.6,1.1,4.4,9.4,2.15,27%
Chris Paddack,R,8,8,0.5,4.4,1,129,122,69,63,20,33,1,129,4,0,3,543,1.202,8.5,1.4,2.3,9,3.91,67%
Emilio Pagan,R,3,3,0.5,4.14,4,63,54,31,29,11,20,1,67,2,0,2,260,1.175,7.7,1.6,2.9,9.6,3.35,51%
Enoli Paredes,R,2,2,0.5,4.11,1,35,31,19,16,4,18,0,37,2,0,2,154,1.4,8,1,4.6,9.5,2.06,22%
Luis Patino,R,6,4,0.6,4.15,1,89,79,45,41,13,35,2,92,4,1,6,386,1.281,8,1.3,3.5,9.3,2.63,49%
Spencer Patton,R,2,3,0.4,4.11,2,46,42,23,21,6,17,1,47,2,0,2,194,1.283,8.2,1.2,3.3,9.2,2.76,30%
James Paxton,L,5,3,0.625,4.36,1,66,62,36,32,10,25,1,72,3,0,4,281,1.318,8.5,1.4,3.4,9.8,2.88,41%
Joel Payamps,R,2,3,0.4,3.98,1,52,46,25,23,7,18,1,47,2,0,2,218,1.231,8,1.2,3.1,8.1,2.61,35%
Matt Peacock,R,4,5,0.444,4.5,1,76,81,43,38,11,27,3,61,2,1,3,332,1.421,9.6,1.3,3.2,7.2,2.26,49%
Nate Pearson,R,3,2,0.6,4.3,1,46,41,25,22,7,21,1,48,2,0,4,199,1.348,8,1.4,4.1,9.4,2.29,24%
Elvis Peguero,R,1,2,0.333,4.85,1,26,25,15,14,3,10,0,26,2,0,1,114,1.346,8.7,1,3.5,9,2.6,4%
Freddy Peralta,R,9,5,0.643,3.5,1,126,92,53,49,14,48,1,160,8,0,5,524,1.111,6.6,1,3.4,11.4,3.33,66%
Wandy Peralta,L,4,3,0.571,4.03,3,58,54,30,26,8,23,1,54,3,1,3,249,1.328,8.4,1.2,3.6,8.4,2.35,47%
Angel Perdomo,L,2,2,0.5,4.76,1,34,30,20,18,5,17,1,38,2,1,2,150,1.382,7.9,1.3,4.5,10.1,2.24,19%
Cionel Pérez,L,2,2,0.5,4.62,1,39,35,22,20,6,18,1,40,1,0,2,169,1.359,8.1,1.4,4.2,9.2,2.22,27%
Francisco Perez,L,2,1,0.667,4.18,1,28,25,14,13,4,10,0,28,1,0,1,121,1.25,8,1.3,3.2,9,2.8,7%
Martin Perez,L,7,8,0.467,4.65,1,124,131,72,64,18,46,2,108,7,1,4,542,1.427,9.5,1.3,3.3,7.8,2.35,70%
Oliver Perez,L,2,2,0.5,3.94,1,32,30,16,14,4,12,1,30,2,0,1,135,1.313,8.4,1.1,3.4,8.4,2.5,24%
Dillon Peters,L,4,4,0.5,4.43,1,69,68,38,34,10,26,1,64,3,0,2,300,1.362,8.9,1.3,3.4,8.3,2.46,37%
David Peterson,L,6,7,0.462,4.5,2,106,94,57,53,15,43,1,104,6,0,6,450,1.292,8,1.3,3.7,8.8,2.42,51%
David Phelps,R,2,2,0.5,4.14,1,37,34,19,17,6,14,1,39,2,0,2,156,1.297,8.3,1.5,3.4,9.5,2.79,27%
Evan Phillips,R,2,2,0.5,4.25,1,36,33,19,17,4,15,1,37,3,0,2,155,1.333,8.3,1,3.8,9.3,2.47,27%
Michael Pineda,R,9,7,0.563,3.94,1,121,119,57,53,17,32,1,108,4,0,4,507,1.248,8.9,1.3,2.4,8,3.38,65%
Nick Pivetta,R,8,7,0.533,4.6,2,135,125,73,69,21,55,2,144,5,0,7,580,1.333,8.3,1.4,3.7,9.6,2.62,68%
Zach Plesac,R,10,7,0.588,4.07,1,146,131,71,66,22,40,1,124,6,1,4,607,1.171,8.1,1.4,2.5,7.6,3.1,69%
Colin Poche,L,2,2,0.5,4.32,1,25,22,13,12,4,9,0,26,1,0,1,106,1.24,7.9,1.4,3.2,9.4,2.89,15%
Drew Pomeranz,L,2,2,0.5,3.83,2,47,42,21,20,6,19,1,52,2,0,2,197,1.298,8,1.1,3.6,10,2.74,43%
Zach Pop,R,2,2,0.5,4.15,1,52,49,27,24,5,20,1,52,4,0,2,228,1.327,8.5,0.9,3.5,9,2.6,38%
Sean Poppen,R,2,2,0.5,4.5,1,38,39,22,19,5,15,1,40,2,0,3,169,1.421,9.2,1.2,3.6,9.5,2.67,27%
Cody Poteet,R,4,5,0.444,4.44,2,75,67,39,37,12,31,1,76,3,0,3,322,1.307,8,1.4,3.7,9.1,2.45,25%
Ryan Pressly,R,4,4,0.5,3.29,13,63,54,26,23,7,19,1,71,2,0,3,258,1.159,7.7,1,2.7,10.1,3.74,49%
David Price,L,5,3,0.625,4.26,1,76,77,39,36,10,27,1,70,4,0,2,327,1.368,9.1,1.2,3.2,8.3,2.59,54%
A.J. Puk,L,2,2,0.5,4.22,1,32,30,17,15,4,12,0,33,2,0,2,137,1.313,8.4,1.1,3.4,9.3,2.75,17%
Cal Quantrill,R,7,5,0.583,3.5,2,126,113,55,49,15,40,1,113,7,0,3,528,1.214,8.1,1.1,2.9,8.1,2.83,68%
Jose Quijada,L,2,3,0.4,4.38,1,39,35,21,19,5,18,1,45,2,0,2,168,1.359,8.1,1.2,4.2,10.4,2.5,30%
Jose Quintana,L,3,4,0.429,5.03,1,77,81,47,43,11,31,1,81,2,0,6,338,1.455,9.5,1.3,3.6,9.5,2.61,59%
Tanner Rainey,R,2,3,0.4,4.7,2,46,39,26,24,7,23,1,54,3,0,3,201,1.348,7.6,1.4,4.5,10.6,2.35,41%
Brooks Raley,L,3,3,0.5,4.58,2,55,49,31,28,7,20,1,61,4,0,2,232,1.255,8,1.1,3.3,10,3.05,39%
Noe Ramirez,R,2,3,0.4,3.78,1,50,42,23,21,6,18,1,47,3,0,2,209,1.2,7.6,1.1,3.2,8.5,2.61,43%
Yohan Ramirez,R,2,3,0.4,3.89,2,44,36,21,19,7,20,1,48,3,0,2,189,1.273,7.4,1.4,4.1,9.8,2.4,31%
Drew Rasmussen,R,4,3,0.571,3.72,2,75,64,34,31,8,27,2,76,2,0,3,316,1.213,7.7,1,3.2,9.1,2.81,47%
Robbie Ray,L,11,8,0.579,3.76,1,170,145,75,71,29,66,2,207,5,0,7,712,1.241,7.7,1.5,3.5,11,3.14,75%
Jake Reed,R,2,2,0.5,4.24,1,34,31,18,16,4,12,1,33,2,0,1,143,1.265,8.2,1.1,3.2,8.7,2.75,10%
Sean Reid-Foley,R,3,2,0.6,4.17,1,41,38,22,19,5,17,1,42,2,0,2,178,1.341,8.3,1.1,3.7,9.2,2.47,29%
Alex Reyes,R,6,5,0.545,3.76,13,67,52,33,28,8,36,1,77,2,1,6,289,1.313,7,1.1,4.8,10.3,2.14,49%
Garrett Richards,R,6,7,0.462,4.64,3,128,135,74,66,18,53,1,114,5,0,7,560,1.469,9.5,1.3,3.7,8,2.15,66%
Trevor Richards,R,5,4,0.556,4.18,1,71,62,35,33,11,26,2,73,2,0,5,299,1.239,7.9,1.4,3.3,9.3,2.81,58%
Stephen Ridings,R,2,1,0.667,3.86,1,28,25,14,12,4,10,0,28,1,0,1,117,1.25,8,1.3,3.2,9,2.8,5%
David Robertson,R,2,2,0.5,4.36,1,33,32,18,16,5,13,1,34,1,0,1,143,1.364,8.7,1.4,3.5,9.3,2.62,13%
Carlos Rodon,L,10,6,0.625,3.33,1,127,101,52,47,14,41,1,155,7,0,7,527,1.118,7.2,1,2.9,11,3.78,60%
Chris Rodriguez,R,3,2,0.6,4,1,45,40,22,20,5,18,1,45,3,0,2,193,1.289,8,1,3.6,9,2.5,25%
Eduardo Rodriguez,L,11,7,0.611,4.37,1,138,139,71,67,17,46,1,151,4,1,2,589,1.341,9.1,1.1,3,9.8,3.28,71%
Joely Rodriguez,L,3,3,0.5,4.15,1,52,50,27,24,6,20,1,52,2,0,3,223,1.346,8.7,1,3.5,9,2.6,38%
Manuel Rodriguez,R,3,2,0.6,4.5,1,34,31,20,17,5,14,1,34,2,0,2,147,1.324,8.2,1.3,3.7,9,2.43,17%
Josh Rogers,L,4,4,0.5,4.11,2,70,65,34,32,11,27,1,61,4,0,2,300,1.314,8.4,1.4,3.5,7.8,2.26,30%
Taylor Rogers,L,3,4,0.429,3.71,9,51,48,25,21,6,15,1,58,2,0,3,213,1.235,8.5,1.1,2.6,10.2,3.87,44%
Trevor Rogers,L,7,8,0.467,3.43,2,134,114,57,51,12,48,2,155,6,1,4,566,1.209,7.7,0.8,3.2,10.4,3.23,61%
Tyler Rogers,R,5,3,0.625,3.33,7,73,68,31,27,7,20,1,62,5,0,2,305,1.205,8.4,0.9,2.5,7.6,3.1,52%
Jordan Romano,R,5,3,0.625,3.45,10,60,49,25,23,8,23,1,70,2,0,2,252,1.2,7.4,1.2,3.5,10.5,3.04,44%
Jhon Romero,R,1,1,0.5,4.33,1,27,25,14,13,4,10,0,27,1,0,1,115,1.296,8.3,1.3,3.3,9,2.7,4%
JoJo Romero,L,2,2,0.5,4.78,1,32,31,18,17,5,12,1,32,2,0,1,140,1.344,8.7,1.4,3.4,9,2.67,16%
Seth Romero,L,1,1,0.5,4.15,1,26,24,13,12,4,10,0,26,1,0,1,111,1.308,8.3,1.4,3.5,9,2.6,3%
Sergio Romo,R,2,3,0.4,4.43,5,61,57,32,30,9,22,2,59,3,0,2,259,1.295,8.4,1.3,3.2,8.7,2.68,50%
Angel Rondon,R,1,1,0.5,4.15,1,26,23,13,12,3,10,0,26,1,0,1,111,1.269,8,1,3.5,9,2.6,2%
Joe Ross,R,6,7,0.462,4.33,1,106,99,56,51,15,38,3,105,7,0,2,453,1.292,8.4,1.3,3.2,8.9,2.76,58%
Michael Rucker,R,2,2,0.5,4.85,1,39,38,23,21,6,15,1,40,2,0,1,169,1.359,8.8,1.4,3.5,9.2,2.67,24%
Jose Ruiz,R,2,3,0.4,3.81,1,59,52,28,25,8,23,1,58,2,1,3,251,1.271,7.9,1.2,3.5,8.8,2.52,46%
Joe Ryan,R,5,4,0.556,4.19,2,73,61,36,34,10,24,1,76,3,0,3,304,1.164,7.5,1.2,3,9.4,3.17,20%
Joe Ryan,R,5,4,0.556,4.19,2,73,61,36,34,10,24,1,76,3,0,3,304,1.164,7.5,1.2,3,9.4,3.17,20%
Hyun Jin Ryu,L,12,8,0.6,3.81,1,163,157,74,69,21,41,1,147,4,0,3,673,1.215,8.7,1.2,2.3,8.1,3.59,74%
Casey Sadler,R,2,2,0.5,3.18,1,51,40,21,18,5,18,1,48,2,0,3,208,1.137,7.1,0.9,3.2,8.5,2.67,40%
Chris Sale,L,5,4,0.556,4.11,1,81,76,42,37,12,26,1,94,6,0,2,345,1.259,8.4,1.3,2.9,10.4,3.62,49%
Cristopher Sanchez,L,2,2,0.5,4.25,1,36,34,19,17,5,14,1,37,2,0,1,157,1.333,8.5,1.3,3.5,9.3,2.64,13%
Miguel Sanchez,R,2,2,0.5,4.26,1,38,36,20,18,5,16,1,37,2,0,2,165,1.368,8.5,1.2,3.8,8.8,2.31,23%
Sixto Sanchez,R,4,4,0.5,3.93,2,71,63,33,31,8,24,1,70,3,0,3,298,1.225,8,1,3,8.9,2.92,21%
Nick Sandlin,R,2,2,0.5,3.86,1,42,34,20,18,5,17,1,47,3,0,2,178,1.214,7.3,1.1,3.6,10.1,2.76,26%
Patrick Sandoval,L,4,8,0.333,4.16,2,106,91,53,49,15,41,1,111,4,0,5,451,1.245,7.7,1.3,3.5,9.4,2.71,57%
Reiver Sanmartin,L,5,3,0.625,3.82,2,66,60,31,28,8,23,1,66,3,1,3,279,1.258,8.2,1.1,3.1,9,2.87,11%
Dennis Santana,R,3,4,0.429,4.26,1,57,51,30,27,7,25,1,55,3,0,3,245,1.333,8.1,1.1,3.9,8.7,2.2,42%
Tony Santillan,R,2,3,0.4,3.81,1,52,45,23,22,7,21,1,58,4,0,2,224,1.269,7.8,1.2,3.6,10,2.76,32%
Gregory Santos,R,2,2,0.5,4.5,1,26,24,14,13,4,10,0,27,1,0,1,112,1.308,8.3,1.4,3.5,9.3,2.7,3%
Tayler Saucedo,L,2,2,0.5,4.26,1,38,34,20,18,4,14,1,35,2,0,2,161,1.263,8.1,0.9,3.3,8.3,2.5,21%
Hirokazu Sawamura,R,4,2,0.667,3.81,1,52,47,26,22,8,24,3,53,2,0,4,222,1.365,8.1,1.4,4.2,9.2,2.21,37%
Josh Sborz,R,3,3,0.5,4.18,1,56,50,28,26,7,24,1,58,2,0,4,239,1.321,8,1.1,3.9,9.3,2.42,41%
Max Scherzer,R,12,7,0.632,3.21,1,168,137,64,60,22,45,1,205,8,0,5,680,1.083,7.3,1.2,2.4,11,4.56,74%
Clarke Schmidt,R,2,2,0.5,4.5,1,44,43,25,22,6,18,1,45,3,0,2,196,1.386,8.8,1.2,3.7,9.2,2.5,13%
Tanner Scott,L,4,3,0.571,4.19,1,58,51,31,27,7,29,1,65,4,0,6,253,1.379,7.9,1.1,4.5,10.1,2.24,47%
Connor Seabold,R,3,3,0.5,4.21,2,62,56,31,29,9,23,1,60,3,0,3,262,1.274,8.1,1.3,3.3,8.7,2.61,3%
Sam Selman,L,2,2,0.5,4.4,1,43,37,23,21,6,18,1,41,4,0,2,183,1.279,7.7,1.3,3.8,8.6,2.28,31%
Antonio Senzatela,R,8,10,0.444,4.44,1,158,167,84,78,17,45,2,118,8,2,4,680,1.342,9.5,1,2.6,6.7,2.62,73%
Luis Severino,R,2,2,0.5,3.86,1,35,30,16,15,4,13,1,36,2,0,1,148,1.229,7.7,1,3.3,9.3,2.77,9%
Paul Sewald,R,5,3,0.625,4.12,5,59,50,29,27,9,22,2,71,2,0,2,249,1.22,7.6,1.4,3.4,10.8,3.23,44%
Bryan Shaw,R,4,4,0.5,4.43,2,65,62,35,32,9,29,1,60,3,0,4,283,1.4,8.6,1.2,4,8.3,2.07,54%
Jordan Sheffield,R,2,2,0.5,4.05,1,40,34,19,18,5,15,1,37,2,0,3,166,1.225,7.7,1.1,3.4,8.3,2.47,22%
Justus Sheffield,L,7,7,0.5,5,1,108,114,66,60,14,46,1,99,6,0,5,481,1.481,9.5,1.2,3.8,8.3,2.15,60%
Ryan Sherriff,L,2,2,0.5,4.11,1,35,32,18,16,4,14,1,33,3,0,2,151,1.314,8.2,1,3.6,8.5,2.36,19%
Chasen Shreve,L,3,3,0.5,3.9,1,60,51,28,26,8,26,1,57,2,0,2,253,1.283,7.7,1.2,3.9,8.6,2.19,43%
Lucas Sims,R,4,3,0.571,4.18,3,56,45,29,26,8,22,2,69,4,0,2,235,1.196,7.2,1.3,3.5,11.1,3.14,45%
Brady Singer,R,7,10,0.412,4.44,2,142,140,78,70,17,54,1,144,9,1,6,620,1.366,8.9,1.1,3.4,9.1,2.67,66%
Tarik Skubal,L,8,10,0.444,4.28,2,141,128,72,67,28,47,1,153,6,0,4,598,1.241,8.2,1.8,3,9.8,3.26,64%
Caleb Smith,L,5,7,0.417,4.46,1,101,85,54,50,17,48,2,106,5,0,3,435,1.317,7.6,1.5,4.3,9.4,2.21,65%
Drew Smith,R,3,2,0.6,3.67,1,49,41,23,20,7,18,2,48,2,0,2,203,1.204,7.5,1.3,3.3,8.8,2.67,32%
Joe Smith,R,3,3,0.5,4.4,1,45,45,24,22,6,15,1,41,2,0,2,191,1.333,9,1.2,3,8.2,2.73,34%
Will Smith,L,4,4,0.5,3.86,18,63,52,29,27,10,24,1,72,3,0,3,264,1.206,7.4,1.4,3.4,10.3,3,51%
Drew Smyly,L,8,6,0.571,4.61,1,123,124,69,63,23,45,2,123,3,1,6,532,1.374,9.1,1.7,3.3,9,2.73,66%
Kirby Snead,L,2,2,0.5,4.03,1,29,26,14,13,4,10,0,29,2,0,1,122,1.241,8.1,1.2,3.1,9,2.9,7%
Blake Snell,L,8,7,0.533,4.11,1,138,117,66,63,19,62,1,167,4,1,9,583,1.297,7.6,1.2,4,10.9,2.69,68%
Nicklaus Snyder,R,1,1,0.5,4.33,1,27,24,14,13,4,10,0,26,1,0,1,114,1.259,8,1.3,3.3,8.7,2.6,4%
Peter Solomon,R,2,2,0.5,3.66,1,32,28,15,13,4,13,0,31,1,0,2,135,1.281,7.9,1.1,3.7,8.7,2.38,12%
Mike Soroka,R,4,3,0.571,3.52,1,64,56,28,25,7,21,1,59,3,0,2,266,1.203,7.9,1,3,8.3,2.81,40%
Gregory Soto,L,4,3,0.571,4.08,8,64,55,32,29,8,31,1,69,2,0,6,278,1.344,7.7,1.1,4.4,9.7,2.23,52%
Gabe Speier,L,2,2,0.5,4.2,1,30,29,16,14,4,11,0,30,2,0,1,131,1.333,8.7,1.2,3.3,9,2.73,14%
Jeffrey Springs,L,4,3,0.571,4.42,2,53,50,29,26,9,20,1,60,2,0,3,226,1.321,8.5,1.5,3.4,10.2,3,43%
Craig Stammen,R,6,4,0.6,3.86,2,77,73,36,33,11,20,1,71,3,0,3,320,1.208,8.5,1.3,2.3,8.3,3.55,57%
Ryne Stanek,R,3,4,0.429,4.02,2,65,54,33,29,9,31,2,71,3,0,4,278,1.308,7.5,1.2,4.3,9.8,2.29,52%
Cody Stashak,R,2,2,0.5,4.38,1,37,35,19,18,5,14,0,41,2,0,2,160,1.324,8.5,1.2,3.4,10,2.93,27%
Josh Staumont,R,4,3,0.571,3.6,3,65,53,29,26,8,27,1,69,3,0,3,272,1.231,7.3,1.1,3.7,9.6,2.56,48%
Drew Steckenrider,R,4,3,0.571,3.36,6,59,50,24,22,7,19,1,55,3,0,1,243,1.169,7.6,1.1,2.9,8.4,2.89,42%
Justin Steele,L,4,4,0.5,4.17,1,69,62,35,32,11,28,2,71,4,0,2,298,1.304,8.1,1.4,3.7,9.3,2.54,38%
Trevor Stephan,R,3,2,0.6,4.26,1,57,51,29,27,10,24,1,61,3,0,1,246,1.316,8.1,1.6,3.8,9.6,2.54,41%
Robert Stephenson,R,3,2,0.6,4.06,1,51,45,26,23,8,19,1,55,2,0,3,215,1.255,7.9,1.4,3.4,9.7,2.89,44%
Jonathan Stiever,R,3,4,0.429,4.35,2,62,56,33,30,10,23,1,61,3,0,3,264,1.274,8.1,1.5,3.3,8.9,2.65,5%
Matt Strahm,L,2,3,0.4,4.5,1,40,40,21,20,6,12,1,39,3,0,2,173,1.3,9,1.4,2.7,8.8,3.25,39%
Stephen Strasburg,R,5,4,0.556,4.13,1,72,63,35,33,10,27,2,75,3,0,3,303,1.25,7.9,1.3,3.4,9.4,2.78,49%
Chris Stratton,R,5,3,0.625,4.19,4,73,69,38,34,9,30,1,76,2,0,3,315,1.356,8.5,1.1,3.7,9.4,2.53,57%
Hunter Strickland,R,3,3,0.5,3.76,1,55,49,26,23,8,21,1,53,3,0,3,233,1.273,8,1.3,3.4,8.7,2.52,42%
Spencer Strider,R,2,1,0.667,4.15,1,26,23,13,12,4,10,0,26,1,0,1,111,1.269,8,1.4,3.5,9,2.6,2%
Ross Stripling,R,6,7,0.462,4.58,2,114,111,63,58,21,37,1,106,4,0,3,484,1.298,8.8,1.7,2.9,8.4,2.86,64%
Marcus Stroman,R,8,10,0.444,3.42,1,150,138,65,57,16,44,2,135,5,0,6,621,1.213,8.3,1,2.6,8.1,3.07,71%
Jose Suarez,L,6,7,0.462,4.5,1,98,91,53,49,14,37,1,93,5,1,5,423,1.306,8.4,1.3,3.4,8.5,2.51,58%
Ranger Suarez,L,6,4,0.6,2.9,3,87,72,31,28,8,29,2,86,4,0,2,359,1.161,7.4,0.8,3,8.9,2.97,56%
Cole Sulser,R,4,5,0.444,3.71,5,63,53,29,26,7,26,1,65,2,0,4,264,1.254,7.6,1,3.7,9.3,2.5,45%
Brent Suter,L,7,4,0.636,3.63,1,72,68,34,29,9,24,2,70,2,1,2,304,1.278,8.5,1.1,3,8.8,2.92,51%
Erik Swanson,R,2,4,0.333,4.5,1,48,44,27,24,8,16,1,47,2,0,2,204,1.25,8.3,1.5,3,8.8,2.94,38%
Noah Syndergaard,R,3,3,0.5,4.28,1,61,58,32,29,8,20,1,61,3,0,2,258,1.279,8.6,1.2,3,9,3.05,41%
Thomas Szapucki,L,1,1,0.5,4.67,1,27,25,15,14,4,10,0,27,1,0,1,116,1.296,8.3,1.3,3.3,9,2.7,5%
Jameson Taillon,R,7,7,0.5,4.3,2,132,120,68,63,20,43,2,128,6,0,5,557,1.235,8.2,1.4,2.9,8.7,2.98,62%
Domingo Tapia,R,3,2,0.6,3.77,1,43,38,20,18,5,17,1,40,2,0,2,181,1.279,8,1,3.6,8.4,2.35,27%
Dillon Tate,R,2,4,0.333,4.29,2,63,56,33,30,8,23,1,56,5,0,4,268,1.254,8,1.1,3.3,8,2.43,47%
Blake Taylor,L,4,3,0.571,3.63,1,52,45,25,21,7,22,2,51,2,0,3,223,1.288,7.8,1.2,3.8,8.8,2.32,38%
Josh Taylor,L,2,2,0.5,4.06,1,51,47,24,23,6,21,2,56,3,0,2,219,1.333,8.3,1.1,3.7,9.9,2.67,43%
Ryan Tepera,R,2,3,0.4,3.84,2,61,49,27,26,7,23,1,66,3,0,3,254,1.18,7.2,1,3.4,9.7,2.87,45%
Caleb Thielbar,L,5,2,0.714,3.77,1,62,56,28,26,8,23,1,66,3,0,3,263,1.274,8.1,1.2,3.3,9.6,2.87,44%
Keegan Thompson,R,3,3,0.5,3.88,2,58,52,27,25,8,26,1,59,3,0,3,255,1.345,8.1,1.2,4,9.2,2.27,38%
Mason Thompson,R,2,3,0.4,4.14,1,37,36,19,17,5,15,1,38,2,0,2,164,1.378,8.8,1.2,3.6,9.2,2.53,23%
Ryan Thompson,R,3,3,0.5,3.78,1,50,45,24,21,6,17,1,49,2,0,2,208,1.24,8.1,1.1,3.1,8.8,2.88,34%
Zach Thompson,R,4,6,0.4,3.78,1,81,72,40,34,9,30,1,77,4,0,4,345,1.259,8,1,3.3,8.6,2.57,44%
Trent Thornton,R,3,3,0.5,4.72,1,61,63,36,32,10,23,1,62,3,0,3,268,1.41,9.3,1.5,3.4,9.1,2.7,54%
Justin Topa,R,1,2,0.333,4.97,1,29,29,17,16,4,10,1,28,1,0,1,125,1.345,9,1.2,3.1,8.7,2.8,10%
Touki Toussaint,R,4,4,0.5,4.79,1,77,70,45,41,13,33,1,79,7,0,4,336,1.338,8.2,1.5,3.9,9.2,2.39,48%
Blake Treinen,R,5,5,0.5,3.57,6,68,57,30,27,7,27,1,70,3,0,3,284,1.235,7.5,0.9,3.6,9.3,2.59,53%
Lou Trivino,R,5,5,0.5,3.97,9,68,59,34,30,7,29,1,66,3,0,5,289,1.294,7.8,0.9,3.8,8.7,2.28,54%
Spencer Turnbull,R,6,7,0.462,3.96,1,100,89,48,44,9,38,1,95,7,0,3,426,1.27,8,0.8,3.4,8.6,2.5,59%
Kyle Tyler,R,2,2,0.5,4.06,1,31,27,15,14,4,12,0,30,2,0,1,133,1.258,7.8,1.2,3.5,8.7,2.5,12%
Edwin Uceta,R,2,3,0.4,4.5,1,38,34,21,19,5,15,1,40,1,0,2,162,1.289,8.1,1.2,3.6,9.5,2.67,19%
Duane Underwood Jr.,R,3,3,0.5,4.3,1,67,66,36,32,9,24,1,66,3,0,3,289,1.343,8.9,1.2,3.2,8.9,2.75,50%
Jose Urena,R,5,8,0.385,5.09,2,106,113,65,60,15,42,1,84,5,0,4,465,1.462,9.6,1.3,3.6,7.1,2,62%
Julio Urias,L,14,4,0.778,3.24,2,161,132,63,58,17,43,2,165,6,1,4,658,1.087,7.4,1,2.4,9.2,3.84,71%
Jose Urquidy,R,8,5,0.615,3.72,1,121,102,52,50,17,31,1,108,4,0,4,492,1.099,7.6,1.3,2.3,8,3.48,58%
Framber Valdez,L,10,7,0.588,3.73,1,140,123,65,58,14,56,1,137,10,2,9,597,1.279,7.9,0.9,3.6,8.8,2.45,69%
Phillips Valdez,R,3,2,0.6,4.58,1,53,50,30,27,7,23,1,51,5,0,3,231,1.377,8.5,1.2,3.9,8.7,2.22,42%
Andrew Vasquez,L,1,1,0.5,4.15,1,26,24,13,12,3,9,0,26,1,0,1,110,1.269,8.3,1,3.1,9,2.89,1%
Felipe Vazquez,L,2,1,0.667,3.96,3,25,22,12,11,3,9,0,27,1,0,1,105,1.24,7.9,1.1,3.2,9.7,3,16%
Vince Velasquez,R,5,8,0.385,5.2,1,109,105,67,63,21,48,2,117,6,0,3,477,1.404,8.7,1.7,4,9.7,2.44,63%
Justin Verlander,R,5,3,0.625,3.63,1,62,49,26,25,10,18,1,69,2,0,2,249,1.081,7.1,1.5,2.6,10,3.83,43%
Alex Vesia,L,3,2,0.6,3.91,1,46,36,24,20,7,21,2,52,2,0,1,196,1.239,7,1.4,4.1,10.2,2.48,31%
Austin Voth,R,4,4,0.5,4.86,1,74,71,42,40,12,30,3,72,3,0,2,317,1.365,8.6,1.5,3.6,8.8,2.4,53%
Michael Wacha,R,5,7,0.417,4.9,1,125,131,72,68,22,40,1,120,5,0,5,537,1.368,9.4,1.6,2.9,8.6,3,67%
Brandon Waddell,L,2,2,0.5,4.35,1,31,29,16,15,4,13,0,30,1,0,2,134,1.355,8.4,1.2,3.8,8.7,2.31,13%
Adam Wainwright,R,13,8,0.619,3.63,1,181,163,77,73,22,55,3,154,8,1,4,745,1.204,8.1,1.1,2.7,7.7,2.8,76%
Taijuan Walker,R,8,10,0.444,4.18,2,153,132,78,71,23,55,1,144,6,0,5,639,1.222,7.8,1.4,3.2,8.5,2.62,67%
Andrew Wantz,R,2,2,0.5,4.38,1,39,34,21,19,6,15,1,42,2,0,2,166,1.256,7.8,1.4,3.5,9.7,2.8,23%
Art Warren,R,3,2,0.6,3.5,1,36,30,16,14,4,13,1,39,2,0,1,149,1.194,7.5,1,3.3,9.8,3,18%
Austin Warren,R,3,2,0.6,3.86,1,35,31,16,15,4,12,0,35,2,0,1,149,1.229,8,1,3.1,9,2.92,17%
Ryan Weathers,L,5,6,0.455,4.65,2,93,89,50,48,16,31,1,85,4,1,3,397,1.29,8.6,1.5,3,8.2,2.74,50%
Luke Weaver,R,5,9,0.357,4.46,1,107,101,57,53,16,36,3,107,4,0,2,456,1.28,8.5,1.3,3,9,2.97,56%
Jacob Webb,R,4,3,0.571,3.8,1,45,42,23,19,6,17,2,44,2,0,3,192,1.311,8.4,1.2,3.4,8.8,2.59,36%
Logan Webb,R,10,6,0.625,3.73,1,147,133,66,61,13,45,1,151,9,0,5,613,1.211,8.1,0.8,2.8,9.2,3.36,67%
Alexander Wells,L,4,4,0.5,4.88,2,72,71,41,39,12,26,1,64,4,0,2,314,1.347,8.9,1.5,3.3,8,2.46,33%
Tyler Wells,R,3,3,0.5,4.17,3,54,45,26,25,8,17,1,56,2,0,2,221,1.148,7.5,1.3,2.8,9.3,3.29,36%
J.B. Wendelken,R,4,3,0.571,4,2,54,48,27,24,6,22,2,53,2,0,3,230,1.296,8,1,3.7,8.8,2.41,44%
Zack Wheeler,R,11,9,0.55,3.34,1,186,163,75,69,17,49,2,194,8,0,5,761,1.14,7.9,0.8,2.4,9.4,3.96,77%
Mitch White,R,3,3,0.5,3.93,1,55,48,29,24,7,20,1,56,2,0,3,235,1.236,7.9,1.1,3.3,9.2,2.8,34%
Kodi Whitley,R,2,2,0.5,3.69,1,39,32,18,16,5,15,1,40,1,0,2,163,1.205,7.4,1.2,3.5,9.2,2.67,22%
Garrett Whitlock,R,5,3,0.625,3.19,2,62,54,25,22,7,19,1,65,3,0,3,258,1.177,7.8,1,2.8,9.4,3.42,43%
Rowan Wick,R,2,2,0.5,3.95,4,41,36,20,18,4,17,1,43,2,0,2,176,1.293,7.9,0.9,3.7,9.4,2.53,33%
Taylor Widener,R,3,3,0.5,4.28,1,80,72,42,38,13,36,2,82,6,0,2,352,1.35,8.1,1.5,4.1,9.2,2.28,49%
Brad Wieck,L,2,2,0.5,3.97,1,34,29,16,15,4,14,0,38,2,0,1,144,1.265,7.7,1.1,3.7,10.1,2.71,24%
Devin Williams,R,6,3,0.667,3.2,2,59,46,24,21,7,25,1,77,3,0,3,249,1.203,7,1.1,3.8,11.7,3.08,44%
Trevor Williams,R,5,7,0.417,4.78,1,113,121,66,60,18,40,1,106,5,0,2,497,1.425,9.6,1.4,3.2,8.4,2.65,66%
Bryse Wilson,R,5,6,0.455,4.69,2,96,97,53,50,15,34,3,82,3,1,3,416,1.365,9.1,1.4,3.2,7.7,2.41,50%
Justin Wilson,L,3,2,0.6,4.4,1,47,44,25,23,6,20,1,46,2,0,3,203,1.362,8.4,1.1,3.8,8.8,2.3,40%
Matt Wisler,R,3,4,0.429,3.97,2,59,52,28,26,8,20,1,66,2,1,2,246,1.22,7.9,1.2,3.1,10.1,3.3,46%
Nick Wittgren,R,3,5,0.375,4.29,2,63,58,33,30,10,20,3,63,3,0,2,264,1.238,8.3,1.4,2.9,9,3.15,50%
Alex Wood,L,8,6,0.571,4.15,1,128,120,64,59,16,41,2,133,12,0,6,547,1.258,8.4,1.1,2.9,9.4,3.24,63%
Jake Woodford,R,4,4,0.5,4.19,1,73,68,36,34,10,26,1,65,5,0,3,314,1.288,8.4,1.2,3.2,8,2.5,47%
Brandon Woodruff,R,9,9,0.5,3.18,1,170,135,63,60,19,47,1,193,7,0,3,686,1.071,7.1,1,2.5,10.2,4.11,73%
Kyle Wright,R,4,5,0.444,4.89,2,70,65,40,38,11,32,1,67,5,0,3,306,1.386,8.4,1.4,4.1,8.6,2.09,31%
Miguel Yajure,R,3,3,0.5,4.5,1,52,47,28,26,9,20,1,51,3,0,2,223,1.288,8.1,1.6,3.5,8.8,2.55,18%
Jordan Yamamoto,R,4,4,0.5,4.95,1,60,58,37,33,10,24,1,60,4,0,3,264,1.367,8.7,1.5,3.6,9,2.5,32%
Ryan Yarbrough,L,8,7,0.533,4.6,1,141,138,77,72,19,33,2,117,9,1,3,592,1.213,8.8,1.2,2.1,7.5,3.55,71%
Kirby Yates,R,1,2,0.333,4.15,4,26,24,13,12,3,10,0,29,2,0,1,111,1.308,8.3,1,3.5,10,2.9,20%
Huascar Ynoa,R,5,6,0.455,4.2,2,105,91,52,49,14,35,2,111,5,1,5,444,1.2,7.8,1.2,3,9.5,3.17,53%
Angel Zerpa,L,4,4,0.5,3.86,2,63,55,31,27,8,22,1,64,3,0,3,266,1.222,7.9,1.1,3.1,9.1,2.91,5%
T.J. Zeuch,R,3,3,0.5,4.33,1,54,52,30,26,9,22,1,49,2,0,2,236,1.37,8.7,1.5,3.7,8.2,2.23,26%
Bruce Zimmermann,L,5,6,0.455,4.6,2,90,90,49,46,15,32,1,86,4,1,3,391,1.356,9,1.5,3.2,8.6,2.69,43%
Tyler Zuber,R,2,3,0.4,4.6,1,45,40,24,23,7,21,1,46,2,0,2,194,1.356,8,1.4,4.2,9.2,2.19,32%
