"Name","Team","adj_WAR","update_WAR","percent_season"
"Ketel Marte","ARI",3.35679012345679,-0.5,0.123456790123457
"Daulton Varsho","ARI",2.87804878020988,0.8,0.123456790123457
"Carson Kelly","ARI",2.61242097857399,-0.712250712250712,0.123456790123457
"David Peralta","ARI",1.25469405803704,0,0.123456790123457
"Jordan Luplow","ARI",1.38682999490047,0.493827160493827,0.123456790123457
"Christian Walker","ARI",0.921156004728395,0.2,0.123456790123457
"Pavin Smith","ARI",1.05404015728347,0.202942668696093,0.123456790123457
"Seth Beer","ARI",1.23544158553088,0.1001001001001,0.123456790123457
"Nick Ahmed","ARI",1.27204273911833,1.93236714975845,0.123456790123457
"Cooper Hummel","ARI",1.78279974882716,0,0.123456790123457
"Sergio Alcantara","ARI",0.719614004001016,-0.65843621399177,0.123456790123457
"Geraldo Perdomo","ARI",0.75309976098603,0.638569604086845,0.123456790123457
"Jose Herrera","ARI",0.862173648728395,0,0.123456790123457
"Drew Ellis","ARI",0.694804966342478,-0.925925925925926,0.123456790123457
"Josh VanMeter","PIT",-0.0223062568741581,-0.19019019019019,0.117283950617284
"Jake McCarthy","ARI",-0.065321052975374,-0.529100529100529,0.123456790123457
"Matt Davidson","ARI",0.070345749358095,0.56980056980057,0.123456790123457
"Ronald Acuna Jr.","ATL",5.28159252727154,-0.529100529100529,0.123456790123457
"Matt Olson","ATL",4.10617283950617,0.6,0.123456790123457
"Ozzie Albies","ATL",3.78024691358025,0.8,0.123456790123457
"Austin Riley","ATL",3.19135802469136,1,0.123456790123457
"Dansby Swanson","ATL",2.02716049382716,0.8,0.123456790123457
"Marcell Ozuna","ATL",1.78364094287654,0.2,0.123456790123457
"Travis d'Arnaud","ATL",2.87400412959145,0.607164541590771,0.123456790123457
"Manny Pina","ATL",3.28895572082783,-0.435729847494553,0.123456790123457
"Eddie Rosario","ATL",1.05571312729258,-1.51171579743008,0.123456790123457
"Adam Duvall","ATL",0.922602088864197,0.1,0.123456790123457
"Alex Dickerson","ATL",0.594980103729665,-0.823045267489712,0.123456790123457
"Orlando Arcia","ATL",1.5694191072021,-0.462962962962963,0.123456790123457
"William Contreras","ATL",3.07422648957217,1.23456790123457,0.123456790123457
"Travis Demeritte","ATL",0.203221053701163,1.64609053497942,0.123456790123457
"Guillermo Heredia","ATL",-0.0351728746790475,-0.284900284900285,0.123456790123457
"Austin Hays","BAL",1.85095882703086,0.5,0.117283950617284
"Ryan Mountcastle","BAL",1.42407407407407,0.1,0.117283950617284
"Ramon Urias","BAL",1.72883846295062,-0.1,0.117283950617284
"Trey Mancini","BAL",1.1358024691358,-0.1,0.117283950617284
"Anthony Santander","BAL",1.20125214179012,0.6,0.117283950617284
"Kelvin Gutierrez","BAL",0.744829971327888,-0.63973063973064,0.117283950617284
"Rougned Odor","BAL",0.832750989617284,0,0.117283950617284
"Jorge Mateo","BAL",0.552166792679012,0.1,0.117283950617284
"Robinson Chirinos","BAL",0.901910581794925,-0.422222222222222,0.117283950617284
"Tyler Nevin","BAL",0.772377270648876,-0.63973063973064,0.117283950617284
"Anthony Bemboom","BAL",-0.0257916095107453,-0.219907407407407,0.117283950617284
"Ryan McKenna","BAL",0.103166438042981,0.87962962962963,0.117283950617284
"Rafael Devers","BOS",4.39382716049383,0.8,0.123456790123457
"Xander Bogaerts","BOS",3.89259259259259,1,0.123456790123457
"Trevor Story","BOS",3.34320987654321,0.1,0.123456790123457
"Enrique Hernandez","BOS",2.71728395061728,0,0.123456790123457
"Alex Verdugo","BOS",2.15396283659259,0,0.123456790123457
"J.D. Martinez","BOS",1.73471200343628,0.561167227833894,0.123456790123457
"Christian Vazquez","BOS",2.24754669190123,0,0.123456790123457
"Kevin Plawecki","BOS",2.43577662437619,-0.644122383252818,0.123456790123457
"Bobby Dalbec","BOS",1.16855100696296,-0.4,0.123456790123457
"Jackie Bradley Jr.","BOS",0.380907042666667,-0.2,0.123456790123457
"Christian Arroyo","BOS",0.71733618156138,-0.644122383252818,0.123456790123457
"Rob Refsnyder","BOS",1.18137479042829,2.46913580246914,0.123456790123457
"Jonathan Arauz","BOS",-0.101610526850582,-0.823045267489712,0.123456790123457
"Franchy Cordero","BOS",0,0,0.123456790123457
"Seiya Suzuki","CHC",3.82404723583333,0.7,0.117283950617284
"Ian Happ","CHC",2.31994119084568,0.8,0.117283950617284
"Willson Contreras","CHC",2.03353212004938,0.5,0.117283950617284
"Nick Madrigal","CHC",2.38362518169618,-0.105030403537866,0.117283950617284
"Frank Schwindel","CHC",1.34047619008642,-0.3,0.117283950617284
"Nico Hoerner","CHC",2.19739699519753,0.6,0.117283950617284
"Jonathan Villar","CHC",1.23907919146847,-0.238543628374137,0.117283950617284
"Yan Gomes","CHC",2.18837718738345,0.22700119474313,0.117283950617284
"Jason Heyward","CHC",1.30584853265599,0.149724192277384,0.117283950617284
"Patrick Wisdom","CHC",1.06639391362346,0.5,0.117283950617284
"Rafael Ortega","CHC",0.706637707372276,-0.246913580246914,0.117283950617284
"Michael Hermosillo","CHC",1.13168724275309,0,0.117283950617284
"Clint Frazier","CHC",0.536640437998019,-0.29320987654321,0.117283950617284
"Luis Robert","CHW",4.38109833971903,0.229885057471264,0.111111111111111
"Yasmani Grandal","CHW",4.51463978133333,-0.2,0.111111111111111
"Tim Anderson","CHW",3.01111111111111,0.7,0.111111111111111
"Eloy Jimenez","CHW",2.4698955365622,-0.170940170940171,0.111111111111111
"Jose Abreu","CHW",1.96666666666667,0.1,0.111111111111111
"Andrew Vaughn","CHW",1.85195759624691,0.222222222222222,0.111111111111111
"Josh Harrison","CHW",1.46788990844444,0,0.111111111111111
"Gavin Sheets","CHW",1.31362889955556,0,0.111111111111111
"Leury Garcia","CHW",1.03015474254088,-0.754716981132075,0.111111111111111
"Adam Engel","CHW",0.57407407437037,-0.166666666666667,0.111111111111111
"Danny Mendick","CHW",0.761904761777778,0,0.111111111111111
"Jake Burger","CHW",2.69312169312169,0.238095238095238,0.111111111111111
"Zack Collins","TOR",0.059640961412298,0.483091787439614,0.123456790123457
"Jonathan India","CIN",3.14109637758472,-0.312757201646091,0.117283950617284
"Tyler Stephenson","CIN",2.88534695462247,0.57057057057057,0.117283950617284
"Joey Votto","CIN",1.38333333333333,-1,0.117283950617284
"Tommy Pham","CIN",1.83434048088889,0.1,0.117283950617284
"Nick Senzel","CIN",1.81073677494052,-0.13277428371768,0.117283950617284
"Mike Moustakas","CIN",1.08378759857584,-0.611916264090177,0.117283950617284
"Kyle Farmer","CIN",1.17845060124074,-0.4,0.117283950617284
"Tyler Naquin","CIN",0.636829214185185,0,0.117283950617284
"Aristides Aquino","CIN",0.50762241559598,-0.327304048234281,0.117283950617284
"Jake Fraley","CIN",0.39378100291579,-0.58641975308642,0.117283950617284
"Brandon Drury","CIN",0.0294761251551375,0.251322751322751,0.117283950617284
"Aramis Garcia","CIN",0.027511050144795,0.234567901234568,0.117283950617284
"JT Riddle","CIN",0,0,0.117283950617284
"Andrew Knapp","PIT",0.0412665752171925,0.351851851851852,0.117283950617284
"Colin Moran","CIN",-0.307924203006173,0,0.117283950617284
"Jose Ramirez","CLE",5.41913580246914,1.8,0.117283950617284
"Amed Rosario","CLE",2.16111111151852,-0.1,0.117283950617284
"Franmil Reyes","CLE",1.83641975308642,-0.9,0.117283950617284
"Myles Straw","CLE",2.13835330464815,0.8,0.117283950617284
"Andres Gimenez","CLE",2.16805101966205,1.04252400548697,0.117283950617284
"Josh Naylor","CLE",1.82049320256973,0.562962962962963,0.117283950617284
"Austin Hedges","CLE",2.38706311935802,0,0.117283950617284
"Steven Kwan","CLE",2.23073409425212,0.85297418630752,0.117283950617284
"Bobby Bradley","CLE",0.390384517400576,-1.6557734204793,0.117283950617284
"Gabriel Arias","CLE",1.69218823859282,-0.87962962962963,0.117283950617284
"Oscar Mercado","CLE",1.11355975422803,-0.113500597371565,0.117283950617284
"Yu Chang","CLE",0.872057423830067,-1.00529100529101,0.117283950617284
"Bradley Zimmer","TOR",0.574424183710562,-0.694444444444444,0.123456790123457
"Luke Maile","CLE",1.08396204837014,0.87962962962963,0.117283950617284
"Bryan Lavastida","CLE",2.80784076235856,-0.469135802469136,0.117283950617284
"Owen Miller","CLE",0.525311908435365,1.00529100529101,0.117283950617284
"Ernie Clement","CLE",1.04275262917238,-0.140740740740741,0.117283950617284
"Kris Bryant","COL",2.08042629524111,-0.324786324786325,0.117283950617284
"Ryan McMahon","COL",2.07716049382716,0.4,0.117283950617284
"Brendan Rodgers","COL",1.87448208592371,-0.681003584229391,0.117283950617284
"C.J. Cron","COL",1.68137505351852,1.1,0.117283950617284
"Jose Iglesias","COL",1.46602248622728,0.103485838779956,0.117283950617284
"Randal Grichuk","COL",1.44484579645062,0.3,0.117283950617284
"Elias Diaz","COL",2.0057564818021,0.324786324786325,0.117283950617284
"Charlie Blackmon","COL",0.92962962962963,0.4,0.117283950617284
"Connor Joe","COL",1.37449198697531,0.5,0.117283950617284
"Dom Nunez","COL",0.841538258447895,-0.31986531986532,0.117283950617284
"Yonathan Daza","COL",0.447055030643804,0.562962962962963,0.117283950617284
"Garrett Hampson","COL",0.205282802592593,0,0.117283950617284
"Alan Trejo","COL",0.733687881366992,-0.195473251028807,0.117283950617284
"Sam Hilliard","COL",0.14930799477156,0.17163504968383,0.117283950617284
"Jeimer Candelario","DET",2.45555555555556,-0.3,0.111111111111111
"Javier Baez","DET",2.19143064633261,0.522875816993464,0.111111111111111
"Spencer Torkelson","DET",2.23492063466667,0,0.111111111111111
"Jonathan Schoop","DET",1.77777777777778,0,0.111111111111111
"Akil Baddoo","DET",1.54708994708995,-0.476190476190476,0.111111111111111
"Robbie Grossman","DET",1.43333333333333,0.1,0.111111111111111
"Tucker Barnhart","DET",2.19645732716264,0.289855072463768,0.111111111111111
"Eric Haase","DET",0.753321421387205,-0.151515151515151,0.111111111111111
"Isaac Paredes","TBR",2.44444444424074,0,0.117283950617284
"Victor Reyes","DET",0.904596162074074,-0.533333333333333,0.111111111111111
"Willi Castro","DET",0.947527787416122,0.392156862745098,0.111111111111111
"Dustin Garneau","DET",1.2020918406734,0.606060606060606,0.111111111111111
"Miguel Cabrera","DET",0.0678684373333333,-0.3,0.111111111111111
"Derek Hill","DET",0.719034052162257,0.317460317460317,0.111111111111111
"Harold Castro","DET",0.251305106575499,-0.512820512820513,0.111111111111111
"Alex Bregman","HOU",4.68395061728395,0.8,0.117283950617284
"Jose Altuve","HOU",3.99235225891354,0.17163504968383,0.117283950617284
"Kyle Tucker","HOU",3.95432098765432,0.6,0.117283950617284
"Yordan Alvarez","HOU",3.63641975308642,0.9,0.117283950617284
"Michael Brantley","HOU",2.30098039234568,0.3,0.117283950617284
"Jeremy Pena","HOU",2.6710536532284,1,0.117283950617284
"Yuli Gurriel","HOU",1.4934572096358,-0.3,0.117283950617284
"Martin Maldonado","HOU",1.42705484510508,-0.127946127946128,0.117283950617284
"Jason Castro","HOU",2.11542445507947,-0.521262002743484,0.117283950617284
"Chas McCormick","HOU",1.26964415406173,0.2,0.117283950617284
"Aledmys Diaz","HOU",1.50462963003086,0,0.117283950617284
"Jose Siri","HOU",0.882195484951786,0.781893004115226,0.117283950617284
"Niko Goodrum","HOU",0.630145876319513,-0.45400238948626,0.117283950617284
"J.J. Matijevic","HOU",-0.16506630086877,-1.40740740740741,0.117283950617284
"Bobby Witt Jr.","KCR",2.64395040108025,0.1,0.104938271604938
"Salvador Perez","KCR",2.42716049382716,0.1,0.104938271604938
"Adalberto Mondesi","KCR",2.11629861949097,0.116598079561043,0.104938271604938
"Whit Merrifield","KCR",1.84814814814815,-0.3,0.104938271604938
"Nicky Lopez","KCR",1.98097684067901,0.2,0.104938271604938
"Andrew Benintendi","KCR",1.89486668037037,0.6,0.104938271604938
"Michael A. Taylor","KCR",1.56394261981481,0.4,0.104938271604938
"Carlos Santana","KCR",1.16394104546296,-0.1,0.104938271604938
"Kyle Isbel","KCR",1.26065032148148,0,0.104938271604938
"Hunter Dozier","KCR",0.629178250246914,-0.2,0.104938271604938
"Cam Gallagher","KCR",2.46024488166806,0.699588477366255,0.104938271604938
"Edward Olivares","KCR",1.73017211905559,0.821256038647343,0.104938271604938
"Emmanuel Rivera","KCR",0.536912166031855,-1.04938271604938,0.104938271604938
"Ryan O'Hearn","KCR",0.463623431387492,-0.699588477366255,0.104938271604938
"Mike Trout","LAA",5.91975308641975,1.8,0.123456790123457
"Anthony Rendon","LAA",4.06151368775309,0.3,0.123456790123457
"Shohei Ohtani","LAA",3.25555555555556,0.1,0.123456790123457
"Jared Walsh","LAA",2.34197530864198,-0.2,0.123456790123457
"Max Stassi","LAA",3.59331150005492,0.411522633744856,0.123456790123457
"David Fletcher","LAA",1.61588172534675,0.308641975308642,0.123456790123457
"Brandon Marsh","LAA",1.44394394980746,0.455840455840456,0.123456790123457
"Jo Adell","LAA",0.842389995770905,-0.117577895355673,0.123456790123457
"Taylor Ward","LAA",1.67955805555427,1.54781647318961,0.123456790123457
"Matt Duffy","LAA",1.25524810710477,-0.1806684733514,0.123456790123457
"Tyler Wade","LAA",1.09838261158519,0.419287211740042,0.123456790123457
"Jack Mayfield","LAA",0.957574101561093,0.411522633744856,0.123456790123457
"Andrew Velazquez","LAA",0.821759259259259,0,0.123456790123457
"Kurt Suzuki","LAA",0.362707534728395,0,0.123456790123457
"Jose Rojas","LAA",-0.137174211248285,-1.11111111111111,0.123456790123457
"Mookie Betts","LAD",5.04444444444444,0.6,0.111111111111111
"Trea Turner","LAD",4.57777777777778,0.4,0.111111111111111
"Freddie Freeman","LAD",4.37777777777778,1,0.111111111111111
"Will Smith","LAD",4.07361474749027,0.564971751412429,0.111111111111111
"Max Muncy","LAD",3.21111111111111,0.1,0.111111111111111
"Justin Turner","LAD",2.70412979377778,-0.3,0.111111111111111
"Cody Bellinger","LAD",3.076023392,0.4,0.111111111111111
"Chris Taylor","LAD",1.97547892711111,0.4,0.111111111111111
"Gavin Lux","LAD",2.46135133454674,0.634920634920635,0.111111111111111
"Austin Barnes","LAD",3.00388007054674,0.634920634920635,0.111111111111111
"Hanser Alberto","LAD",1.41009490195885,-0.37037037037037,0.111111111111111
"Zach McKinstry","LAD",-0.740740740740741,-6.66666666666667,0.111111111111111
"Jacob Stallings","MIA",3.42597233817284,-0.444444444444444,0.111111111111111
"Jazz Chisholm Jr.","MIA",2.32853295897436,1.23076923076923,0.111111111111111
"Avisail Garcia","MIA",2.14444444444444,0.1,0.111111111111111
"Miguel Rojas","MIA",2.17373623585185,0.104166666666667,0.111111111111111
"Jesus Sanchez","MIA",1.887616624,0.5,0.111111111111111
"Jorge Soler","MIA",1.58888888888889,-0.1,0.111111111111111
"Garrett Cooper","MIA",1.76179685955556,0.4,0.111111111111111
"Jesus Aguilar","MIA",1.66165914488889,0.1,0.111111111111111
"Brian Anderson","MIA",1.76031571410229,0.634920634920635,0.111111111111111
"Joey Wendle","MIA",1.65985249356678,1.01010101010101,0.111111111111111
"Payton Henry","MIA",2.16028376458388,-0.392156862745098,0.111111111111111
"Jon Berti","MIA",1.48291633053968,1.14285714285714,0.111111111111111
"Willy Adames","MIL",3.0037037037037,0.9,0.123456790123457
"Christian Yelich","MIL",2.66666666666667,0.3,0.123456790123457
"Kolten Wong","MIL",2.25432098765432,-0.2,0.123456790123457
"Omar Narvaez","MIL",2.73955655224607,0.548696844993141,0.123456790123457
"Lorenzo Cain","MIL",1.91801985900042,-0.274348422496571,0.123456790123457
"Hunter Renfroe","MIL",1.39791073083951,0.4,0.123456790123457
"Rowdy Tellez","MIL",1.50528223438817,0.30441400304414,0.123456790123457
"Tyrone Taylor","MIL",1.18321820323294,-0.161030595813205,0.123456790123457
"Andrew McCutchen","MIL",0.591972206765432,-0.2,0.123456790123457
"Jace Peterson","MIL",0.685871056468679,0.296296296296296,0.123456790123457
"Mike Brosseau","MIL",0.627082538835446,0.448933782267116,0.123456790123457
"Keston Hiura","MIL",0.233744856259259,0,0.123456790123457
"Carlos Correa","MIN",4.71358024691358,0.3,0.117283950617284
"Byron Buxton","MIN",4.37416800132742,1.45593869731801,0.117283950617284
"Jorge Polanco","MIN",2.78333333333333,0.4,0.117283950617284
"Max Kepler","MIN",2.46493301804938,1,0.117283950617284
"Luis Arraez","MIN",1.91608187153086,-0.3,0.117283950617284
"Alex Kirilloff","MIN",1.6770216386217,-1.17283950617284,0.117283950617284
"Gio Urshela","MIN",1.67999769932716,0.3,0.117283950617284
"Ryan Jeffers","MIN",2.71659196873003,0.502645502645503,0.117283950617284
"Gary Sanchez","MIN",1.47012215686477,-0.39832285115304,0.117283950617284
"Trevor Larnach","MIN",0.648081880374867,0.617283950617284,0.117283950617284
"Nick Gordon","MIN",1.30563544181622,0.38038038038038,0.117283950617284
"Miguel Sano","MIN",-0.000610249375681451,-0.757834757834758,0.117283950617284
"Gilberto Celestino","MIN",1.45489784985263,0.521262002743484,0.117283950617284
"Jose Godoy","MIN",0,0,0.117283950617284
"Kyle Garlick","MIN",0.0952305581935211,0.811965811965812,0.117283950617284
"Francisco Lindor","NYM",4.18024691358025,1.2,0.123456790123457
"Pete Alonso","NYM",3.69382716049383,0.1,0.123456790123457
"Brandon Nimmo","NYM",3.51728395061728,0.8,0.123456790123457
"Starling Marte","NYM",2.45432098765432,0,0.123456790123457
"Jeff McNeil","NYM",2.58635141882716,1.3,0.123456790123457
"Eduardo Escobar","NYM",1.92807300076543,0.8,0.123456790123457
"Mark Canha","NYM",1.89937832483684,0.587889476778366,0.123456790123457
"J.D. Davis","NYM",1.78150321968679,0.462962962962963,0.123456790123457
"James McCann","NYM",1.57141568493934,0.308641975308642,0.123456790123457
"Tomas Nido","NYM",2.09772134358092,-0.435729847494553,0.123456790123457
"Dominic Smith","NYM",0.958474317939339,0.308641975308642,0.123456790123457
"Robinson Cano","NYM",0.363481618113897,-0.689061154177433,0.123456790123457
"Luis Guillorme","NYM",1.55653915972842,0.2002002002002,0.123456790123457
"Travis Jankowski","NYM",0.0731595793324188,0.592592592592593,0.123456790123457
"Aaron Judge","NYY",5.28395061728395,1.4,0.117283950617284
"Gleyber Torres","NYY",3.18956822783983,0.100529100529101,0.117283950617284
"Joey Gallo","NYY",3.15385512547796,-0.203972088030059,0.117283950617284
"Josh Donaldson","NYY",3.3396334813642,0.3,0.117283950617284
"Giancarlo Stanton","NYY",3.08728813590741,0.3,0.117283950617284
"Anthony Rizzo","NYY",2.68888888888889,1.1,0.117283950617284
"Aaron Hicks","NYY",2.49861929508914,0.31986531986532,0.117283950617284
"DJ LeMahieu","NYY",2.70836139207407,0.7,0.117283950617284
"Isiah Kiner-Falefa","NYY",1.87585330384568,0.7,0.117283950617284
"Kyle Higashioka","NYY",3.13854595375309,0,0.117283950617284
"Tim Locastro","NYY",0.87415268858078,-0.469135802469136,0.117283950617284
"Marwin Gonzalez","NYY",0.650714516752359,0.63973063973064,0.117283950617284
"Sean Murphy","OAK",3.97777777777778,0.8,0.117283950617284
"Tony Kemp","OAK",2.31446591503704,0.1,0.117283950617284
"Kevin Smith","OAK",2.21586162227475,0.335097001763668,0.117283950617284
"Elvis Andrus","OAK",1.57143483108025,0.2,0.117283950617284
"Chad Pinder","OAK",1.85288288767513,0.703703703703704,0.117283950617284
"Cristian Pache","OAK",0.910606060438272,0.3,0.117283950617284
"Seth Brown","OAK",0.95672485954321,0.2,0.117283950617284
"Jed Lowrie","OAK",0.919096971561728,0,0.117283950617284
"Sheldon Neuse","OAK",1.31858817302469,0.7,0.117283950617284
"Stephen Vogt","OAK",0.993749443636336,-0.469135802469136,0.117283950617284
"Austin Allen","OAK",3.1582933238674,-0.439814814814815,0.117283950617284
"Stephen Piscotty","OAK",0.128550881012346,0,0.117283950617284
"Christian Lopes","OAK",-0.082533150434385,-0.703703703703704,0.117283950617284
"Drew Jackson","OAK",-0.27511050144795,-2.34567901234568,0.117283950617284
"Mickey McDonald","OAK",0,0,0.117283950617284
"Bryce Harper","PHI",4.28148148148148,0.6,0.123456790123457
"J.T. Realmuto","PHI",3.69259259259259,0.8,0.123456790123457
"Kyle Schwarber","PHI",2.45308641975309,0.7,0.123456790123457
"Rhys Hoskins","PHI",2.36666666666667,0,0.123456790123457
"Jean Segura","PHI",2.0942302851358,0.3,0.123456790123457
"Nick Castellanos","PHI",1.71481481481481,0.4,0.123456790123457
"Alec Bohm","PHI",1.9993484831722,0.773908236594804,0.123456790123457
"Didi Gregorius","PHI",1.88185636473079,0.129954515919428,0.123456790123457
"Bryson Stott","PHI",2.00127239973627,-0.716845878136201,0.123456790123457
"Odubel Herrera","PHI",1.79885590247447,1.54320987654321,0.123456790123457
"Matt Vierling","PHI",1.66597379113682,-0.65843621399177,0.123456790123457
"Johan Camargo","PHI",1.86507158917497,0.617283950617284,0.123456790123457
"Garrett Stubbs","PHI",1.56253529138288,1.34680134680135,0.123456790123457
"Adam Haseley","CHW",0.423120089382716,-0.555555555555555,0.111111111111111
"Bryan Reynolds","PIT",3.35432098765432,0,0.117283950617284
"Ke'Bryan Hayes","PIT",2.66543209876543,0.9,0.117283950617284
"Roberto Perez","PIT",2.23927226140917,0.230722525804493,0.117283950617284
"Daniel Vogelbach","PIT",1.78121693119753,0.3,0.117283950617284
"Kevin Newman","PIT",1.2481607693196,-0.135327635327635,0.117283950617284
"Yoshi Tsutsugo","PIT",0.656579286549383,-0.4,0.117283950617284
"Cole Tucker","PIT",1.20459279622723,-0.781893004115226,0.117283950617284
"Ben Gamel","PIT",0.784855171437387,0.305958132045089,0.117283950617284
"Hoy Park","PIT",1.67022346231588,-0.938271604938272,0.117283950617284
"Michael Chavis","PIT",0.687034665328922,0.230722525804493,0.117283950617284
"Diego Castillo","PIT",0.94340464239354,0.121328224776501,0.117283950617284
"Anthony Alford","PIT",-0.351835521734111,-1.75925925925926,0.117283950617284
"Manny Machado","SDP",4.64197530864198,2.1,0.123456790123457
"Trent Grisham","SDP",3.33086419753086,0,0.123456790123457
"Jake Cronenworth","SDP",3.14197530864198,0.6,0.123456790123457
"Austin Nola","SDP",2.81925371062963,0.1,0.123456790123457
"Luke Voit","SDP",1.4988843893031,-0.411522633744856,0.123456790123457
"Wil Myers","SDP",0.980539862074074,0,0.123456790123457
"Eric Hosmer","SDP",1.11386004948148,1.4,0.123456790123457
"Jurickson Profar","SDP",1.08924461218519,0.7,0.123456790123457
"Jorge Alfaro","SDP",0.885036017269776,0.185185185185185,0.123456790123457
"Victor Caratini","MIL",2.33823905481344,0.888888888888889,0.123456790123457
"Matt Beaty","SDP",0.91329204251015,-1.12233445566779,0.123456790123457
"Luis Campusano","SDP",3.29513559143189,-1.70940170940171,0.123456790123457
"Jose Azocar","SDP",0.152415790275873,1.23456790123457,0.123456790123457
"J.P. Crawford","SEA",2.91234567901235,1.5,0.117283950617284
"Ty France","SEA",2.77716049382716,1.1,0.117283950617284
"Jesse Winker","SEA",2.6313528803642,-0.3,0.117283950617284
"Julio Rodriguez","SEA",3.05220075162963,0.5,0.117283950617284
"Mitch Haniger","SEA",1.94197530864198,0,0.117283950617284
"Adam Frazier","SEA",1.92836874754938,0.4,0.117283950617284
"Eugenio Suarez","SEA",1.83969736694444,0.5,0.117283950617284
"Jarred Kelenic","SEA",1.86816214883951,0.1,0.117283950617284
"Cal Raleigh","SEA",3.45410627996296,0,0.117283950617284
"Tom Murphy","SEA",2.26698652505738,1.33133133133133,0.117283950617284
"Abraham Toro","SEA",2.64814814814815,0,0.117283950617284
"Dylan Moore","SEA",0.870465372947188,1.31944444444444,0.117283950617284
"Luis Torrens","SEA",0.59845155917284,0,0.117283950617284
"Donovan Walton","SEA",NA,NA,0.117283950617284
"Brandon Crawford","SFG",2.5326904181358,0.5,0.117283950617284
"Brandon Belt","SFG",2.16929096700617,0.4,0.117283950617284
"Mike Yastrzemski","SFG",1.8231427100128,0.140740740740741,0.117283950617284
"Wilmer Flores","SFG",1.89599458120988,0.4,0.117283950617284
"Joey Bart","SFG",2.00234550982196,0.651577503429355,0.117283950617284
"Joc Pederson","SFG",1.17500103909157,0.895622895622896,0.117283950617284
"Darin Ruf","SFG",1.30061728395062,-0.2,0.117283950617284
"Austin Slater","SFG",1.69552135235882,0.818260120585702,0.117283950617284
"Thairo Estrada","SFG",1.88910359658025,0.4,0.117283950617284
"Curt Casali","SFG",1.49150589259112,-0.45400238948626,0.117283950617284
"Steven Duggar","SFG",1.02641401119753,0,0.117283950617284
"Mauricio Dubon","SFG",1.34391785587376,-0.270655270655271,0.117283950617284
"Jason Vosler","SFG",2.88756454895582,0.85297418630752,0.117283950617284
"Luke Williams","SFG",0.206332876085962,1.75925925925926,0.117283950617284
"Jason Krizan","SFG",0,0,0.117283950617284
"Ka'ai Tom","SFG",0,0,0.117283950617284
"Nolan Arenado","STL",3.94444444444444,1.9,0.111111111111111
"Paul Goldschmidt","STL",3.3,0.1,0.111111111111111
"Tyler O'Neill","STL",3.17777777777778,-0.2,0.111111111111111
"Harrison Bader","STL",3.108080808,0.7,0.111111111111111
"Paul DeJong","STL",2.75239538952449,0.10752688172043,0.111111111111111
"Dylan Carlson","STL",2.18888888888889,-0.3,0.111111111111111
"Tommy Edman","STL",2.28888888888889,1.4,0.111111111111111
"Yadier Molina","STL",1.84503301767901,-0.138888888888889,0.111111111111111
"Edmundo Sosa","STL",1.84959187487831,-0.238095238095238,0.111111111111111
"Lars Nootbaar","STL",0.842556344779727,-0.350877192982456,0.111111111111111
"Andrew Knizner","STL",0.976034858387799,0.784313725490196,0.111111111111111
"Corey Dickerson","STL",0.541869534329966,-0.303030303030303,0.111111111111111
"Brendan Donovan","STL",-0.0823045267489712,-0.740740740740741,0.111111111111111
"Albert Pujols","STL",0,0,0.111111111111111
"Wander Franco","TBR",4.84259259259259,1.4,0.117283950617284
"Brandon Lowe","TBR",3.98395061728395,0.1,0.117283950617284
"Randy Arozarena","TBR",2.60123456790123,-0.4,0.117283950617284
"Yandy Diaz","TBR",2.6076615833642,0.5,0.117283950617284
"Mike Zunino","TBR",3.69868392298854,-0.305958132045089,0.117283950617284
"Manuel Margot","TBR",2.23337795633333,0,0.117283950617284
"Taylor Walls","TBR",2.59586250615549,0.781893004115226,0.117283950617284
"Austin Meadows","DET",1.761503928,0.5,0.111111111111111
"Kevin Kiermaier","TBR",1.92952760385156,0.255892255892256,0.117283950617284
"Ji-Man Choi","TBR",1.92374481079066,1.06219426974144,0.117283950617284
"Francisco Mejia","TBR",2.74229113403262,1.17283950617284,0.117283950617284
"Vidal Brujan","TBR",1.78928928926543,0,0.117283950617284
"Brett Phillips","TBR",1.47486993199406,0.37037037037037,0.117283950617284
"Harold Ramirez","TBR",1.24922501549938,0.541310541310541,0.117283950617284
"Josh Lowe","TBR",1.6283950615679,0.2,0.117283950617284
"Corey Seager","TEX",4.40740740740741,0.7,0.117283950617284
"Marcus Semien","TEX",3.92530864197531,-0.4,0.117283950617284
"Mitch Garver","TEX",2.5330112717963,0,0.117283950617284
"Nathaniel Lowe","TEX",1.98888888888889,0.4,0.117283950617284
"Andy Ibanez","TEX",1.95418894561938,0.223398001175779,0.117283950617284
"Willie Calhoun","TEX",1.48540236607015,-0.13277428371768,0.117283950617284
"Brad Miller","TEX",1.57119380198795,-0.255892255892256,0.117283950617284
"Kole Calhoun","TEX",1.15259049350838,-0.58641975308642,0.117283950617284
"Adolis Garcia","TEX",0.953813630740741,0.4,0.117283950617284
"Jose Trevino","NYY",2.31040061864136,0.541310541310541,0.117283950617284
"Nick Solak","TEX",1.34805218690223,0.47979797979798,0.117283950617284
"Jonah Heim","TEX",3.96647578428629,1.56378600823045,0.117283950617284
"Yonny Hernandez","ARI",1.61268741116564,-0.389863547758285,0.123456790123457
"Eli White","TEX",0.16506630086877,1.40740740740741,0.117283950617284
"Bo Bichette","TOR",4.28271604938272,-0.1,0.123456790123457
"George Springer","TOR",3.55432098765432,1.1,0.123456790123457
"Matt Chapman","TOR",2.86666666666667,0.5,0.123456790123457
"Danny Jansen","TOR",4.01280292623503,3.7037037037037,0.123456790123457
"Alejandro Kirk","TOR",3.2636561679185,-0.113960113960114,0.123456790123457
"Teoscar Hernandez","TOR",1.86423530347309,1.61030595813205,0.123456790123457
"Cavan Biggio","TOR",1.49252021262336,-0.793650793650794,0.123456790123457
"Lourdes Gurriel Jr.","TOR",1.44317933946914,0.4,0.123456790123457
"Santiago Espinal","TOR",1.59385075102469,0.7,0.123456790123457
"Raimel Tapia","TOR",0.560606060765432,-0.3,0.123456790123457
"Reese McGuire","CHW",2.74055384244264,-0.16260162601626,0.111111111111111
"Gosuke Katoh","TOR",0.0831358856050214,0.673400673400673,0.123456790123457
"Vinny Capra","TOR",0,0,0.123456790123457
"Juan Soto","WSN",6.55740740740741,0.9,0.12962962962963
"Keibert Ruiz","WSN",3.16695890755418,0.103703703703704,0.12962962962963
"Josh Bell","WSN",1.74444444444444,0.7,0.12962962962963
"Nelson Cruz","WSN",1.55838206618519,-0.7,0.12962962962963
"Cesar Hernandez","WSN",1.6304232807963,0.3,0.12962962962963
"Lane Thomas","WSN",1.34101325444777,-0.358974358974359,0.12962962962963
"Victor Robles","WSN",1.35292430506628,0.589225589225589,0.12962962962963
"Maikel Franco","WSN",0.712367725240741,0.1,0.12962962962963
"Yadiel Hernandez","WSN",0.570116465889322,0.409356725146199,0.12962962962963
"Alcides Escobar","WSN",0.0962345176781719,-0.219092331768388,0.12962962962963
"Riley Adams","WSN",0.106837606480532,-0.897435897435897,0.12962962962963
"Lucius Fox","WSN",-0.252057613168724,-1.94444444444444,0.12962962962963
"Dee Strange-Gordon","WSN",0.336076817558299,2.59259259259259,0.12962962962963
"Bryan De La Cruz","MIA",1.56987239382011,0.952380952380952,0.111111111111111
"Heliot Ramos","SFG",0.890913841657228,-1.00529100529101,0.117283950617284
"Nick Allen","OAK",0.80859485408642,0,0.117283950617284
"Billy McKinney","OAK",0.623098804942167,-0.551924473493101,0.117283950617284
"Alex Jackson","MIL",1.75308641975309,0,0.123456790123457
"Jake Marisnick","PIT",-0.0191937559149733,-0.16365202411714,0.117283950617284
"Travis Shaw","BOS",-0.288787813154285,-2.33918128654971,0.123456790123457
"Charlie Culberson","TEX",-0.0317435193978404,-0.270655270655271,0.117283950617284
"Mark Kolozsvary","CIN",-0.0750301367585318,-0.63973063973064,0.117283950617284
"Zach Reks","TEX",-0.16506630086877,-1.40740740740741,0.117283950617284
"Alejo Lopez","CIN",0.03930150020685,0.335097001763668,0.117283950617284
"Jaylin Davis","BOS",0.228623685413809,1.85185185185185,0.123456790123457
"Elehuris Montero","COL",0,0,0.117283950617284
"Sam Huff","TEX",0,0,0.117283950617284
"Tyler Heineman","TOR",0.114311842706904,0.925925925925926,0.123456790123457
"Jack Suwinski","PIT",-0.0358839784497326,-0.305958132045089,0.117283950617284
"Mike Ford","SFG",0,0,0.117283950617284
"Luis Gonzalez","SFG",0,0,0.117283950617284
"Chris Owings","BAL",-0.468036551975428,-0.670194003527337,0.117283950617284
"Trayce Thompson","SDP",-0.724074405374638,-1.23456790123457,0.123456790123457
"Simon Muzziotti","PHI",0,0,0.123456790123457
