Name,Team,W,L,ERA,GS,G,SV,IP,H,ER,HR,SO,BB,WHIP,K/9,BB/9,FIP,WAR,RA9-WAR,ADP,playerid
Madison Bumgarner,ARI,9,12,4.8,31,31,0,184,193,98,32,157,52,1.34,7.69,2.57,4.75,1.7,1.5,475.9,5524
Zac Gallen,ARI,11,11,3.99,31,31,0,178,163,79,23,198,65,1.28,10.01,3.3,3.82,3,3,140.2,19291
Merrill Kelly,ARI,9,11,4.56,29,29,0,171,181,87,26,145,51,1.35,7.62,2.67,4.42,2,1.8,469.9,11156
Luke Weaver,ARI,8,9,4.38,26,26,0,140,139,68,21,139,45,1.32,8.9,2.92,4.24,1.7,1.7,463.3,16918
Tyler Gilbert,ARI,5,7,4.84,18,18,0,102,109,55,16,83,39,1.44,7.29,3.39,4.83,0.7,0.7,598,17964
Mark Melancon,ARI,3,3,3.94,0,65,30,65,66,28,6,57,24,1.39,7.96,3.31,3.87,0.4,0.5,146.2,4264
Max Fried,ATL,12,9,3.57,31,31,0,185,177,73,20,185,54,1.25,9.01,2.65,3.59,3.5,3.8,75.2,13743
Charlie Morton,ATL,12,8,3.42,29,29,0,169,147,64,17,196,52,1.18,10.42,2.78,3.31,3.8,3.9,100,4676
Ian Anderson,ATL,11,9,4.08,29,29,0,166,154,75,20,174,71,1.36,9.44,3.83,4.02,2.5,2.6,146.1,19951
Huascar Ynoa,ATL,8,7,3.99,23,23,0,124,116,55,15,133,44,1.3,9.67,3.23,3.83,2,2,246,20468
Mike Soroka,ATL,6,6,4.14,18,18,0,102,105,47,12,88,31,1.33,7.76,2.72,4.04,1.5,1.5,522.8,18383
Will Smith,ATL,4,3,3.78,0,70,28,70,60,29,10,86,27,1.24,11.05,3.43,3.76,0.6,0.6,117,8048
John Means,BAL,9,11,4.48,29,29,0,172,171,85,34,159,39,1.22,8.33,2.06,4.69,2.4,2.3,243.5,16269
Bruce Zimmermann,BAL,6,9,4.86,23,23,0,126,131,68,22,104,47,1.42,7.44,3.36,5.07,1.1,1.1,599,20370
Zac Lowther,BAL,6,8,4.94,18,36,0,115,118,63,20,98,51,1.46,7.66,3.95,5.2,0.5,0.6,999,20243
Keegan Akin,BAL,6,8,4.96,21,21,0,111,112,61,21,101,47,1.42,8.21,3.78,5.19,0.8,0.9,598.7,19362
Tyler Wells,BAL,3,3,4.28,0,64,21,64,57,30,11,73,22,1.23,10.27,3.05,4.34,0.5,0.4,438.9,20000
Nathan Eovaldi,BOS,12,10,3.94,31,31,0,183,176,80,25,184,44,1.2,9.05,2.15,3.76,3.5,3.7,142,9132
Nick Pivetta,BOS,10,10,4.6,29,29,0,165,159,84,26,173,66,1.36,9.44,3.6,4.43,2,2.1,354.4,15454
Chris Sale,BOS,11,8,3.57,28,28,0,157,133,62,20,193,46,1.14,11.05,2.65,3.44,3.3,3.9,56.1,10603
Michael Wacha,BOS,8,9,4.7,23,38,0,134,139,70,21,120,41,1.35,8.12,2.75,4.48,1.3,1.4,486.2,14078
Tanner Houck,BOS,8,7,4.05,18,46,0,125,115,56,15,134,46,1.29,9.71,3.33,3.87,1.8,2,203.4,19879
Rich Hill,BOS,6,7,5.12,19,19,0,104,109,59,18,90,39,1.43,7.79,3.39,5.01,0.5,0.8,424.3,4806
Matt Barnes,BOS,4,3,3.59,0,66,11,66,54,26,7,86,29,1.24,11.72,3.9,3.45,0.9,0.9,286.9,12863
Marcus Stroman,CHC,11,11,4.1,32,32,0,188,197,86,21,158,56,1.34,7.55,2.67,3.96,3,2.7,172.1,13431
Kyle Hendricks,CHC,10,12,4.68,31,31,0,184,203,95,29,140,44,1.35,6.85,2.15,4.56,1.9,1.6,281.8,12049
Wade Miley,CHC,9,11,4.42,29,29,0,167,181,82,21,129,59,1.44,6.98,3.16,4.44,1.9,1.9,442.4,8779
Adbert Alzolay,CHC,8,8,4.31,23,27,0,127,121,61,18,131,45,1.31,9.26,3.21,4.2,1.7,1.7,345.3,17859
Justin Steele,CHC,6,7,4.21,15,48,0,114,107,53,14,115,52,1.4,9.07,4.1,4.31,1.2,1.2,588,17312
Alec Mills,CHC,5,7,4.78,16,32,0,105,115,56,15,79,32,1.41,6.8,2.79,4.64,0.8,0.6,578,13834
Keegan Thompson,CHC,5,6,4.74,10,52,0,94,93,49,14,90,43,1.45,8.66,4.15,4.67,0.4,0.3,999,19795
Rowan Wick,CHC,3,3,4.05,0,64,29,64,59,29,8,69,27,1.34,9.68,3.86,4,0.4,0.4,347.3,14646
Lance Lynn,CHW,12,10,3.99,31,31,0,187,170,83,29,202,58,1.22,9.7,2.81,4.05,3.3,3.2,63.8,2520
Lucas Giolito,CHW,12,10,4,31,31,0,184,162,82,30,208,60,1.21,10.21,2.93,4.08,3.3,3.2,43.8,15474
Dylan Cease,CHW,11,10,4.03,31,31,0,170,144,76,26,204,68,1.25,10.83,3.63,4.08,3,2.8,90,18525
Dallas Keuchel,CHW,9,11,4.68,29,29,0,161,182,84,22,103,57,1.48,5.74,3.18,4.88,1.2,1.3,551.6,9434
Michael Kopech,CHW,9,8,3.83,23,43,0,145,120,62,21,179,52,1.19,11.15,3.25,3.83,2.7,2.6,177,17282
Liam Hendriks,CHW,4,3,2.85,0,68,29,68,48,22,8,100,17,0.96,13.18,2.22,2.67,1.5,1.4,37.3,3548
Luis Castillo,CIN,12,10,3.79,32,32,0,192,177,81,22,209,71,1.29,9.77,3.33,3.73,3.9,3.9,79.1,15689
Tyler Mahle,CIN,11,11,4.25,31,31,0,176,164,83,28,197,62,1.29,10.07,3.19,4.18,3,2.8,127.5,16358
Sonny Gray,CIN,10,10,4.16,29,29,0,163,154,75,21,177,63,1.34,9.79,3.5,4.02,2.8,2.6,184.7,12768
Vladimir Gutierrez,CIN,7,10,5.41,24,24,0,134,145,81,25,115,54,1.48,7.73,3.6,5.27,0.7,0.4,542.9,19278
Christian Greene,CIN,6,7,4.45,19,19,0,111,106,55,17,118,44,1.35,9.61,3.61,4.38,1.6,1.5,400,sa3005315
Reiver Sanmartin,CIN,5,5,4.15,13,33,0,94,95,43,12,87,32,1.35,8.3,3.05,4.14,1.3,1.3,496.9,19754
Jeff Hoffman,CIN,4,4,4.44,2,64,1,71,66,35,11,79,30,1.35,10.08,3.77,4.4,0.4,0.4,999,17432
Luis Cessa,CIN,3,3,4.34,0,66,4,66,66,32,9,63,24,1.37,8.62,3.28,4.25,0.4,0.3,596.4,13345
Tony Santillan,CIN,3,4,4.44,3,51,0,66,59,33,11,77,30,1.36,10.48,4.11,4.44,0.3,0.4,599.9,19926
Lucas Sims,CIN,3,3,3.7,0,65,26,65,51,27,9,89,27,1.2,12.37,3.78,3.67,0.9,0.8,279.8,13470
Amir Garrett,CIN,3,3,4.05,0,61,1,61,53,27,8,74,30,1.36,10.96,4.44,4.12,0.4,0.4,598.3,14375
Justin Wilson,CIN,3,3,4.49,0,58,1,58,55,29,8,61,28,1.42,9.51,4.35,4.52,0.2,0.2,999,4301
Art Warren,CIN,3,2,3.61,0,54,0,54,45,22,6,68,22,1.25,11.36,3.74,3.52,0.7,0.6,533.5,18251
Cionel Perez,CIN,2,2,4.12,0,44,0,44,40,20,6,46,23,1.42,9.34,4.62,4.49,0.3,0.3,999,19614
Dauri Moreta,CIN,2,2,4.62,0,44,0,44,43,23,8,45,16,1.33,9.13,3.17,4.6,0,0.1,597.8,21101
Ryan Hendrix,CIN,2,2,4.45,0,38,0,38,36,19,5,41,18,1.42,9.72,4.25,4.42,0.1,0.1,999,19535
Shane Bieber,CLE,12,10,3.36,31,31,0,193,164,72,24,232,54,1.13,10.84,2.52,3.31,4.5,4.7,30.4,19427
Zach Plesac,CLE,9,12,4.74,29,29,0,171,183,90,30,134,46,1.34,7.03,2.44,4.83,1.1,1.5,325.8,19979
Cal Quantrill,CLE,9,12,4.76,29,29,0,169,176,89,27,140,56,1.38,7.46,3.01,4.76,1.2,1.4,245.8,19312
Aaron Civale,CLE,8,11,4.61,28,28,0,160,168,82,27,135,44,1.33,7.57,2.49,4.61,1.3,1.6,271.6,19479
Triston McKenzie,CLE,7,8,4.58,23,23,0,122,110,62,21,134,54,1.35,9.95,3.99,4.69,1.2,1.3,246.6,18000
Emmanuel Clase,CLE,4,3,2.91,0,67,31,67,55,22,6,80,21,1.14,10.69,2.87,2.92,1.1,1.3,70.8,21032
German Marquez,COL,11,12,4.53,32,32,0,193,205,97,26,189,63,1.39,8.81,2.92,4.07,3.3,3.1,253.5,15038
Antonio Senzatela,COL,9,13,5.23,31,31,0,180,218,105,27,128,51,1.49,6.41,2.54,4.67,2,1.6,562.8,15488
Kyle Freeland,COL,8,11,5.09,29,29,0,163,188,92,25,135,55,1.49,7.47,3.05,4.6,2.1,1.7,546.3,16256
Austin Gomber,COL,9,11,4.98,29,29,0,158,170,87,25,151,61,1.47,8.61,3.49,4.6,1.8,1.9,512.1,16561
Peter Lambert,COL,5,7,5.44,16,20,0,93,109,56,15,74,33,1.53,7.16,3.22,4.94,0.7,0.6,999,17969
Carlos Estevez,COL,3,3,4.79,0,63,19,63,65,34,10,65,23,1.4,9.33,3.25,4.34,0.3,0.2,457.3,14542
Eduardo Rodriguez,DET,11,11,3.82,32,32,0,185,171,79,24,193,61,1.25,9.38,2.96,3.83,3.5,3.6,154.9,13164
Casey Mize,DET,9,12,4.57,31,31,0,171,178,87,25,141,53,1.35,7.43,2.78,4.54,1.7,1.9,261.2,20492
Tarik Skubal,DET,10,10,4.13,29,29,0,158,145,72,24,171,53,1.25,9.71,3.01,4.14,2.3,2.6,198.9,22267
Matt Manning,DET,7,10,4.86,26,26,0,140,149,76,21,107,50,1.42,6.86,3.23,4.8,1,1.1,506.7,20369
Tyler Alexander,DET,7,9,4.71,21,43,0,134,141,70,22,109,39,1.35,7.31,2.65,4.7,1,1.1,565.7,17735
Gregory Soto,DET,3,3,3.56,0,68,24,68,56,27,7,82,34,1.31,10.84,4.46,3.71,0.6,0.9,214.5,19677
Framber Valdez,HOU,13,9,3.57,31,31,0,191,180,76,16,177,77,1.35,8.35,3.65,3.76,3.4,3.9,143.1,17295
Luis Garcia,HOU,10,10,4.29,29,29,0,168,155,80,26,176,63,1.3,9.38,3.36,4.31,2.2,2.1,161.9,23735
Lance McCullers Jr.,HOU,10,8,3.66,26,26,0,147,131,60,16,160,59,1.29,9.75,3.61,3.75,2.6,2.8,167.5,14120
Jose Urquidy,HOU,8,8,4.62,24,24,0,136,137,70,25,120,35,1.27,7.94,2.3,4.69,1.4,1.3,204.5,18413
Cristian Javier,HOU,5,6,4.44,11,45,0,97,84,48,16,116,46,1.33,10.69,4.27,4.55,0.6,0.7,312.3,17606
Ryan Pressly,HOU,4,3,3.2,0,66,30,66,56,23,7,78,20,1.15,10.64,2.72,3.17,1,1,80.8,7005
Mike Minor,KCR,10,11,4.33,29,29,0,176,174,85,26,157,52,1.29,8.05,2.69,4.35,2.2,2.7,472.9,10021
Brad Keller,KCR,9,10,4.46,28,28,0,159,164,79,18,129,66,1.45,7.34,3.72,4.4,1.8,2.2,549,15734
Brady Singer,KCR,9,10,4.21,28,28,0,150,149,70,17,134,55,1.36,8.08,3.31,4.14,2.1,2.5,442.4,25377
Carlos Hernandez,KCR,7,9,4.85,24,24,0,134,135,72,20,116,60,1.45,7.74,3.98,4.83,0.9,1.3,426.9,22713
Kris Bubic,KCR,7,8,4.51,23,23,0,124,123,62,17,109,55,1.43,7.86,3.98,4.64,1.2,1.6,460.6,21455
Scott Barlow,KCR,3,3,3.75,0,66,27,66,57,27,8,74,27,1.27,10.15,3.65,3.74,0.7,0.8,189.7,14993
Shohei Ohtani,LAA,11,8,3.69,28,28,0,165,141,68,22,192,57,1.21,10.49,3.13,3.75,3.1,3.4,7.9,19755
Noah Syndergaard,LAA,9,10,4.53,28,28,0,163,169,82,25,133,44,1.31,7.36,2.42,4.44,2.3,1.7,197.7,11762
Patrick Sandoval,LAA,10,8,3.91,26,26,0,147,136,64,19,150,60,1.33,9.14,3.64,4.13,2.2,2.5,225.2,19447
Jose Suarez,LAA,8,9,4.61,24,24,0,131,132,67,21,115,52,1.4,7.91,3.59,4.8,1,1.3,460.4,19911
Michael Lorenzen,LAA,7,8,4.75,18,45,0,128,133,68,19,106,54,1.45,7.44,3.77,4.85,0.6,0.7,502.1,14843
Raisel Iglesias,LAA,4,3,3.25,0,68,31,68,54,25,9,87,19,1.08,11.57,2.58,3.28,1,1.1,62.9,17130
Walker Buehler,LAD,13,9,3.8,32,32,0,198,183,84,26,214,56,1.21,9.72,2.55,3.71,3.9,3.2,17,19374
Julio Urias,LAD,13,9,3.89,32,32,0,187,174,81,28,196,51,1.2,9.45,2.46,3.92,3.2,2.9,38.3,14765
Tony Gonsolin,LAD,9,8,4.52,26,26,0,139,131,70,23,148,59,1.36,9.54,3.78,4.54,1.3,1.1,320.5,19388
Andrew Heaney,LAD,9,7,4.16,24,24,0,134,124,62,23,149,40,1.22,10,2.67,4.17,1.9,1.7,304.4,15423
David Price,LAD,7,6,4.16,18,38,0,113,110,52,16,110,39,1.31,8.75,3.06,4.25,1.3,1.1,572.4,3184
Blake Treinen,LAD,4,3,3.42,0,70,27,70,60,27,7,80,26,1.24,10.26,3.38,3.44,0.9,0.8,185.7,12572
Sandy Alcantara,MIA,12,11,3.59,32,32,0,200,184,80,21,201,60,1.22,9.07,2.69,3.55,3.7,3.6,41.4,18684
Pablo Lopez,MIA,11,9,3.46,29,29,0,166,149,64,18,174,46,1.17,9.44,2.49,3.47,3.3,3.2,133.3,17085
Trevor Rogers,MIA,10,9,3.43,28,28,0,154,130,59,17,176,54,1.2,10.31,3.14,3.5,3,3.1,99.6,22286
Zach Thompson,MIA,8,10,4.58,23,47,0,150,154,76,22,129,55,1.39,7.72,3.32,4.56,1.2,1,483.3,16094
Elieser Hernandez,MIA,8,9,4.24,26,26,0,140,131,66,22,141,41,1.24,9.11,2.66,4.27,1.7,1.5,325,16933
Jesus Luzardo,MIA,6,6,3.94,16,34,0,106,97,46,13,108,42,1.32,9.19,3.55,4.09,1.1,1.3,298.7,19959
Dylan Floro,MIA,3,3,3.73,0,67,19,67,64,28,7,63,24,1.32,8.46,3.26,3.79,0.4,0.4,254.6,13394
Brandon Woodruff,MIL,13,9,3.41,31,31,0,187,161,71,22,220,52,1.14,10.57,2.49,3.32,4.4,4.4,19.5,16162
Corbin Burnes,MIL,13,8,2.99,29,29,0,174,136,58,17,230,50,1.07,11.89,2.61,2.81,5.2,5.1,11.7,19361
Freddy Peralta,MIL,11,9,3.82,29,29,0,163,131,69,23,208,68,1.22,11.46,3.74,3.85,3.3,3.1,58.2,18679
Adrian Houser,MIL,9,10,4.38,28,28,0,149,154,72,16,121,62,1.45,7.33,3.75,4.37,1.7,1.7,418.5,12718
Eric Lauer,MIL,8,8,4.3,23,27,0,129,123,61,20,129,49,1.33,9,3.4,4.43,1.4,1.6,315.6,19316
Josh Hader,MIL,4,3,2.72,0,67,26,67,42,20,7,110,27,1.02,14.79,3.63,2.66,1.4,1.5,39.3,14212
Dylan Bundy,MIN,9,11,4.98,29,29,0,166,173,92,29,151,57,1.38,8.15,3.1,4.8,1.2,1.1,461.2,12917
Bailey Ober,MIN,9,9,4.51,26,26,0,145,145,73,25,144,40,1.27,8.95,2.46,4.38,1.9,1.7,271.6,21224
Joe Ryan,MIN,9,8,4.36,24,24,0,142,135,69,24,148,41,1.24,9.38,2.6,4.28,1.8,2,204.2,21390
Randy Dobnak,MIN,7,9,4.83,23,31,0,134,155,72,17,85,43,1.47,5.71,2.88,4.66,1.1,0.9,588.3,23798
Griffin Jax,MIN,5,7,5.7,18,18,0,98,111,62,19,74,36,1.5,6.8,3.31,5.49,0.1,-0.1,596.3,20253
Josh Winder,MIN,5,6,5.14,16,16,0,92,99,53,17,75,31,1.41,7.3,2.99,5.07,0.4,0.4,999,sa3007993
Taylor Rogers,MIN,4,3,3.13,0,67,24,67,56,23,7,84,19,1.12,11.35,2.59,3,1.1,1.2,242.8,13449
Max Scherzer,NYM,13,9,3.13,31,31,0,189,147,66,24,251,46,1.02,11.97,2.2,3.03,5.1,4.5,18.6,3137
Taijuan Walker,NYM,10,10,4.26,29,29,0,166,160,79,25,160,58,1.31,8.7,3.12,4.34,1.8,1.4,384,11836
Jacob deGrom,NYM,12,6,2.33,26,26,0,152,103,39,14,228,33,0.9,13.49,1.96,2.08,6.1,5.3,25.8,10954
Carlos Carrasco,NYM,9,8,3.76,26,26,0,144,132,60,19,153,45,1.22,9.55,2.79,3.81,2.5,2.2,304.2,6632
Tylor Megill,NYM,8,7,3.84,21,21,0,115,104,49,15,124,38,1.23,9.7,2.97,3.86,1.8,1.6,316.5,21318
Edwin Diaz,NYM,4,3,2.92,0,67,33,67,47,22,7,98,25,1.07,13.16,3.36,2.88,1.2,1,75.8,14710
Gerrit Cole,NYY,14,8,3.29,32,32,0,199,157,73,27,263,52,1.05,11.92,2.35,3.16,5.3,5.2,9.7,13125
Jordan Montgomery,NYY,11,9,4.1,29,29,0,164,157,75,24,163,53,1.28,8.96,2.89,4.14,2.5,2.5,234.3,16511
Luis Severino,NYY,10,8,4.07,24,42,0,156,148,70,23,156,48,1.26,9.02,2.77,4.11,2.1,2.3,170.3,15890
Jameson Taillon,NYY,9,9,4.68,28,28,0,152,152,79,27,142,45,1.3,8.45,2.68,4.65,1.7,1.4,325.5,11674
Nestor Cortes,NYY,8,8,4.56,19,51,0,139,132,71,26,146,49,1.3,9.45,3.14,4.66,1.2,1.1,362.1,17874
Domingo German,NYY,6,6,4.28,13,51,0,109,104,52,18,114,33,1.25,9.34,2.68,4.29,1.2,1.1,413.9,17149
Aroldis Chapman,NYY,4,2,2.92,0,64,32,64,42,21,6,97,32,1.16,13.71,4.48,3.05,1.1,1.2,87.5,10233
Chris Bassitt,OAK,11,11,4.02,31,31,0,186,175,83,25,175,53,1.22,8.48,2.55,4.06,2.5,2.8,145.3,12304
Sean Manaea,OAK,11,10,3.66,31,31,0,179,164,73,24,179,44,1.17,9,2.22,3.77,3.1,3.4,160.5,15873
Frankie Montas,OAK,11,10,3.71,31,31,0,179,160,74,23,189,55,1.2,9.53,2.77,3.75,3.1,3.3,95.5,14309
Cole Irvin,OAK,9,12,4.69,29,29,0,165,176,86,28,117,44,1.34,6.41,2.41,4.86,0.9,1.2,506.4,19244
James Kaprielian,OAK,7,9,4.53,23,37,0,140,134,71,23,137,48,1.3,8.81,3.07,4.55,1.1,1.1,343.6,18331
Lou Trivino,OAK,3,3,4.21,0,65,24,65,61,30,8,62,29,1.37,8.55,3.97,4.37,0,0.1,293.2,15043
Zack Wheeler,PHI,14,10,3.33,32,32,0,203,181,75,23,220,50,1.13,9.76,2.19,3.31,5.1,4.8,24.8,10310
Aaron Nola,PHI,13,10,3.57,32,32,0,192,168,76,25,224,54,1.15,10.49,2.51,3.51,4.5,4,44.5,16149
Kyle Gibson,PHI,11,11,4.18,32,32,0,187,188,87,24,171,70,1.38,8.23,3.36,4.25,2.5,2.4,379.5,10123
Ranger Suarez,PHI,11,9,3.75,29,29,0,165,156,69,19,159,60,1.31,8.72,3.26,3.94,2.8,3.1,180,17277
Zach Eflin,PHI,8,8,4.22,23,23,0,130,131,61,20,119,32,1.26,8.27,2.2,4.19,1.9,1.7,480.3,13774
Corey Knebel,PHI,3,3,3.51,0,60,15,60,48,23,7,77,23,1.19,11.58,3.51,3.51,0.7,0.7,198.9,15010
Jose Quintana,PIT,9,10,4.05,28,28,0,156,150,70,19,151,60,1.35,8.73,3.47,4.1,2.3,2.2,554.3,11423
JT Brubaker,PIT,8,9,4.24,24,24,0,138,136,65,19,135,45,1.31,8.76,2.92,4.17,1.9,1.7,499.8,17578
Bryse Wilson,PIT,6,9,4.98,23,23,0,121,132,67,20,87,41,1.43,6.48,3.04,4.98,0.8,0.4,592.9,19990
Dillon Peters,PIT,6,7,4.2,15,55,0,119,118,56,16,105,43,1.35,7.93,3.22,4.34,1.1,1.1,594.9,18790
Wil Crowe,PIT,6,8,4.62,16,48,0,117,116,60,17,107,49,1.41,8.22,3.76,4.63,0.7,0.6,593.4,19800
Mitch Keller,PIT,6,7,4.5,18,28,0,102,101,51,13,94,43,1.41,8.27,3.81,4.44,0.9,0.8,573.8,17594
David Bednar,PIT,3,3,3.53,0,64,24,64,54,25,7,76,24,1.23,10.68,3.43,3.49,0.7,0.7,224.3,19569
Joe Musgrove,SDP,12,9,3.62,31,31,0,182,163,73,22,197,53,1.19,9.72,2.63,3.65,3.5,3.3,80.1,12970
Yu Darvish,SDP,11,8,3.79,28,28,0,159,139,67,22,185,46,1.16,10.46,2.58,3.64,3.1,2.6,101.6,13074
Blake Snell,SDP,11,8,3.49,29,29,0,158,129,61,18,198,68,1.24,11.25,3.84,3.54,3.2,3.1,121.2,13543
Mike Clevinger,SDP,10,7,3.48,24,24,0,138,118,54,17,160,46,1.19,10.39,2.99,3.51,2.9,2.8,193.4,12808
Chris Paddack,SDP,5,4,3.83,11,28,0,78,74,33,11,78,18,1.19,9.02,2.13,3.78,1.1,1,412.1,20099
Pierce Johnson,SDP,3,3,3.67,0,64,20,64,53,26,8,78,28,1.26,10.92,3.9,3.75,0.6,0.5,439.7,13435
Robbie Ray,SEA,12,11,3.68,32,32,0,191,152,78,29,251,71,1.17,11.8,3.34,3.74,3.6,3.7,49.5,11486
Marco Gonzales,SEA,9,12,4.6,31,31,0,184,192,94,32,146,51,1.32,7.12,2.48,4.81,1.5,1.4,306.5,15467
Chris Flexen,SEA,9,11,4.42,29,29,0,171,176,84,27,142,48,1.31,7.49,2.54,4.52,1.6,1.7,372.9,13896
Yusei Kikuchi,SEA,10,9,4.03,28,28,0,152,145,68,20,147,54,1.31,8.7,3.2,4.09,2.2,2.4,359.2,20633
Logan Gilbert,SEA,8,9,4.17,26,26,0,141,130,65,23,146,40,1.21,9.31,2.53,4.23,1.8,1.9,156.3,22250
Drew Steckenrider,SEA,3,3,4.43,0,66,15,66,64,32,11,64,24,1.32,8.67,3.23,4.58,0.1,0,362.8,18806
Logan Webb,SFG,12,10,3.38,32,32,0,189,176,71,15,189,57,1.24,9.03,2.74,3.25,4.1,3.9,58.1,17995
Anthony DeSclafani,SFG,10,11,4.17,31,31,0,175,175,81,23,159,51,1.29,8.18,2.6,4.05,2.3,2,202.7,13050
Alex Wood,SFG,11,9,3.59,29,29,0,164,153,65,17,167,50,1.24,9.19,2.73,3.6,2.8,3,221.8,13781
Alex Cobb,SFG,10,9,3.67,28,28,0,151,147,62,15,144,48,1.29,8.56,2.85,3.59,2.6,2.6,270.6,6562
Sammy Long,SFG,6,6,4.2,16,28,0,102,98,48,13,97,40,1.35,8.54,3.51,4.27,0.8,1.1,568.1,25379
Jake McGee,SFG,3,3,3.65,0,66,8,66,59,27,8,71,20,1.2,9.69,2.69,3.66,0.7,0.5,295.7,7550
Adam Wainwright,STL,11,11,4.1,31,31,0,194,197,88,25,164,56,1.3,7.62,2.6,4.15,2.4,2.4,201.7,2233
Jack Flaherty,STL,12,10,3.73,31,31,0,177,156,73,24,194,59,1.21,9.88,2.98,3.85,2.8,3.1,71.1,17479
Steven Matz,STL,10,9,3.91,29,29,0,161,153,70,21,154,49,1.25,8.6,2.76,4,2.5,2.4,253.8,13361
Dakota Hudson,STL,9,9,4.39,24,38,0,150,155,73,17,112,64,1.46,6.74,3.85,4.57,1,1.1,445.4,19206
Miles Mikolas,STL,9,9,4.18,26,26,0,145,152,67,20,108,34,1.28,6.71,2.09,4.26,1.8,1.6,451.4,9803
Giovanny Gallegos,STL,4,3,3.49,0,70,23,70,58,27,9,83,22,1.15,10.72,2.84,3.55,0.8,0.8,130.6,14986
Shane McClanahan,TBR,11,9,3.6,28,28,0,159,139,64,19,174,56,1.22,9.82,3.14,3.72,2.6,3.1,112.1,21483
Drew Rasmussen,TBR,9,9,3.91,24,41,0,148,135,64,18,152,59,1.31,9.22,3.56,4.01,1.7,2.1,281.9,25385
Corey Kluber,TBR,9,9,4.32,26,26,0,148,143,71,22,139,52,1.32,8.46,3.14,4.39,1.4,1.5,360.9,2429
Ryan Yarbrough,TBR,8,9,4.79,24,24,0,140,152,75,24,95,36,1.34,6.12,2.32,4.97,0.7,0.7,503.5,16502
Yonny Chirinos,TBR,7,7,4.33,16,48,0,123,124,59,18,105,37,1.3,7.64,2.68,4.44,0.7,0.9,599.7,16401
Shane Baz,TBR,8,7,3.71,21,21,0,118,100,49,16,134,40,1.19,10.19,3.02,3.8,2.1,2.1,150.6,22264
Luis Patino,TBR,7,7,4.26,15,55,0,118,105,56,18,124,49,1.3,9.45,3.71,4.43,0.9,0.9,323.9,22815
Brent Honeywell,TBR,3,4,4.48,3,51,0,66,65,33,10,56,23,1.34,7.66,3.16,4.65,-0.1,0.1,583,16466
Andrew Kittredge,TBR,4,3,3.29,0,65,20,65,57,24,7,70,19,1.17,9.76,2.65,3.4,0.7,0.8,300,12828
Pete Fairbanks,TBR,3,3,3.48,0,64,9,64,51,25,7,78,27,1.22,10.94,3.73,3.56,0.5,0.7,503.6,17998
JT Chargois,TBR,3,3,3.79,0,63,3,63,56,27,7,68,26,1.3,9.71,3.73,3.93,0.3,0.4,596.2,13767
Matt Wisler,TBR,3,3,4,0,60,2,60,52,27,9,66,20,1.21,9.92,3.02,4.09,0.2,0.3,600.9,12804
J.P. Feyereisen,TBR,3,3,4.56,0,58,1,58,53,29,9,57,30,1.43,8.82,4.69,4.86,-0.2,-0.1,587.2,16610
Ryan Thompson,TBR,3,3,3.8,0,55,1,55,51,23,6,53,20,1.29,8.65,3.26,3.98,0.2,0.4,999,16647
Brooks Raley,TBR,3,2,3.68,0,52,0,52,46,21,6,55,19,1.24,9.59,3.3,3.91,0.2,0.4,596.7,10061
Jon Gray,TEX,10,11,4.31,31,31,0,178,174,85,26,176,61,1.32,8.9,3.09,4.24,2.1,2.2,264.1,14916
Dane Dunning,TEX,9,10,4.3,28,28,0,151,152,72,20,136,54,1.36,8.1,3.2,4.27,1.8,1.8,419.7,19409
Taylor Hearn,TEX,7,9,4.87,23,23,0,127,127,69,21,117,57,1.45,8.27,4.01,4.97,0.6,0.8,562.4,18325
A.J. Alexy,TEX,6,9,5.19,21,21,0,118,120,68,21,106,59,1.51,8.07,4.48,5.3,0.3,0.3,598.4,22343
Spencer Howard,TEX,7,8,4.78,23,23,0,111,110,59,18,104,45,1.4,8.46,3.65,4.78,0.8,0.8,567.6,23252
Chase Anderson,TEX,5,8,5.53,19,19,0,102,111,62,20,76,39,1.48,6.73,3.49,5.58,0,0,999,6895
Joe Barlow,TEX,3,3,4.49,0,66,24,66,60,33,10,71,34,1.43,9.69,4.66,4.63,-0.1,0.1,253.2,22296
Jose Berrios,TOR,13,10,3.9,32,32,0,196,183,85,26,200,55,1.22,9.19,2.54,3.85,3.4,3.9,75.2,14168
Kevin Gausman,TOR,13,9,3.87,32,32,0,188,172,81,26,204,53,1.2,9.73,2.53,3.78,3.3,3.9,65.3,14107
Hyun-Jin Ryu,TOR,12,9,4.04,31,31,0,177,181,79,24,153,43,1.27,7.77,2.19,4.03,2.6,3.2,201.2,14444
Alek Manoah,TOR,10,8,4.06,26,26,0,147,131,66,20,162,52,1.25,9.94,3.19,4.05,2.3,2.7,90.1,26410
Nate Pearson,TOR,6,6,4.33,15,33,0,99,90,48,15,105,43,1.34,9.56,3.88,4.39,1,1.3,399.2,20160
Ross Stripling,TOR,6,6,4.53,15,37,0,98,100,50,16,88,29,1.31,8.07,2.62,4.51,0.9,1,525.4,13273
Jordan Romano,TOR,4,3,3.34,0,66,27,66,52,25,7,84,26,1.19,11.49,3.58,3.33,0.9,1,120.9,16122
Patrick Corbin,WSN,11,10,4.15,29,29,0,174,174,80,24,168,57,1.33,8.67,2.94,4.07,2.7,2.6,424.8,9323
Stephen Strasburg,WSN,9,9,4.16,26,26,0,153,149,71,20,154,51,1.3,9.04,2.99,4.03,2.6,2.3,306.9,10131
Josiah Gray,WSN,8,9,4.7,24,24,0,139,134,73,25,144,54,1.35,9.37,3.47,4.68,1.7,1.3,291.4,24580
Erick Fedde,WSN,7,8,4.65,23,23,0,121,128,63,17,104,45,1.42,7.73,3.31,4.51,1.3,1.2,557.8,17425
Joe Ross,WSN,5,6,4.54,16,16,0,91,91,46,14,85,31,1.35,8.5,3.07,4.43,1.1,1,597.7,12972
Josh Rogers,WSN,4,6,5.42,15,21,0,90,103,54,17,61,30,1.48,6.14,3.01,5.44,0.2,0.1,999,18510
Kyle Finnegan,WSN,3,3,4.21,0,66,28,66,62,31,8,69,30,1.39,9.41,4.1,4.17,0.3,0.3,406.2,15009
Jake Faria,,1,1,4.69,0,12,0,12,12,6,2,12,5,1.39,8.67,3.64,4.68,0,0,999,13699
Ty Blach,,1,1,5.55,3,3,0,18,23,11,3,12,7,1.59,5.88,3.21,5.09,0.1,0.1,999,14361
Keynan Middleton,,1,1,4.64,0,18,0,18,17,9,3,18,9,1.43,9.21,4.4,4.57,0,0,999,15264
Shelby Miller,,1,1,4.64,0,20,0,20,20,10,3,19,9,1.44,8.55,4.18,4.69,-0.1,0,999,10197
Hector Santiago,,1,1,4.46,0,22,0,22,21,11,3,22,10,1.38,8.86,3.92,4.67,0,0,999,4026
Ethan DeCaster,,1,1,4.56,0,24,0,24,24,12,3,20,10,1.41,7.57,3.59,4.63,0,0,999,sa3007732
Nick Vincent,,1,1,4.65,0,25,0,25,25,13,4,22,8,1.35,7.94,3.04,4.73,0,0,999,7555
Carl Edwards Jr.,,1,1,4.34,0,30,0,30,27,14,4,32,14,1.37,9.52,4.08,4.37,0.1,0.1,999,13607
Buck Farmer,,1,2,4.56,0,30,0,30,30,15,4,28,13,1.42,8.4,3.84,4.62,0,0,999,14814
Erasmo Ramirez,,2,2,4.53,0,32,0,32,33,16,5,27,10,1.35,7.58,2.79,4.58,0,0,999,10314
Cam Bedrosian,,2,2,4.49,0,35,0,35,34,17,5,34,15,1.4,8.63,3.8,4.57,0.1,0,999,13360
Keone Kela,,2,2,4.07,0,37,0,37,33,17,5,41,14,1.27,9.87,3.4,4.09,0.2,0.2,999,14696
Fernando Abad,,2,2,4.26,0,37,0,37,37,18,5,32,12,1.35,7.8,3,4.36,0,0.1,999,4994
Dillon Maples,,2,2,4.27,0,38,0,38,33,18,4,43,24,1.5,10.28,5.76,4.45,0,0.1,999,14672
Ryne Harper,,2,2,4.71,0,38,0,38,39,20,6,32,14,1.4,7.6,3.38,4.78,-0.1,0,999,12680
Junior Guerra,,2,2,4.73,0,38,0,38,38,20,5,34,19,1.49,8.14,4.49,4.83,-0.1,0,999,5702
Yency Almonte,,2,2,4.72,0,39,0,39,39,20,6,37,19,1.47,8.43,4.3,4.74,-0.1,-0.1,999,15068
Wander Suero,,2,2,4.42,0,40,0,40,39,20,6,39,15,1.33,8.79,3.32,4.47,0.1,0.1,999,15855
Robert Gsellman,,2,2,4.65,0,40,0,40,42,21,6,32,15,1.43,7.16,3.33,4.7,-0.1,0,999,13696
Brandon Workman,,2,2,4.5,0,40,0,40,38,20,5,40,22,1.51,8.9,4.89,4.59,-0.1,0,999,11428
Ervin Santana,,2,2,4.73,0,40,0,40,41,21,7,35,14,1.37,7.89,3.09,4.75,-0.1,0,999,3200
Kyle McGowin,,2,2,4.21,0,41,0,41,38,19,6,42,15,1.3,9.3,3.37,4.25,0.2,0.1,999,15071
Juan Minaya,,2,2,4.2,0,41,0,41,38,19,5,43,19,1.38,9.36,4.13,4.25,0.1,0.1,999,10341
Jace Fry,,2,2,4.01,0,41,0,41,38,18,4,42,22,1.45,9.14,4.75,4.25,0.1,0.2,999,16159
Alex Claudio,,2,2,4.18,0,41,0,41,43,19,5,31,16,1.43,6.9,3.41,4.34,0.1,0.1,999,12890
Matt Strahm,,2,2,3.97,0,42,0,42,39,19,6,43,12,1.22,9.16,2.58,4.04,0.2,0.3,999,13799
Dellin Betances,,2,2,4.18,0,42,0,42,38,19,5,43,19,1.36,9.31,4.07,4.17,0.1,0.2,999,6216
Shane Greene,,2,2,4.47,0,42,0,42,42,21,6,39,16,1.38,8.31,3.45,4.53,0.1,0.1,999,10756
Tommy Hunter,,2,2,4.53,0,42,0,42,44,21,6,34,14,1.37,7.28,2.95,4.51,0,0,999,1157
Brandon Kintzler,,2,2,4.46,0,42,0,42,45,21,5,32,15,1.43,6.89,3.15,4.5,0,0,999,9939
Chasen Shreve,,2,2,4.68,0,42,0,42,41,22,7,40,20,1.44,8.59,4.28,4.85,-0.1,0,999,10855
Oliver Drake,,2,2,4.04,0,43,0,43,41,19,5,42,17,1.34,8.84,3.53,4.12,0.2,0.2,999,8823
Chaz Roe,,2,2,4.27,0,45,0,45,42,21,6,46,20,1.38,9.13,3.97,4.28,0.1,0.1,999,9866
Josh Tomlin,,2,2,4.96,0,45,0,45,50,25,9,34,10,1.33,6.84,1.96,4.94,-0.2,-0.2,999,9388
Brad Brach,,2,2,4.46,0,46,0,46,43,23,6,46,23,1.43,8.93,4.41,4.54,0,0.1,999,6627
Jesse Hahn,,2,2,4.08,0,47,0,47,43,21,6,50,22,1.38,9.53,4.21,4.15,0.3,0.3,999,13287
Ross Detwiler,,2,2,4.03,0,47,0,47,45,21,6,46,17,1.31,8.77,3.19,4.2,0.2,0.3,999,2859
Joe Smith,,2,2,4.4,0,48,0,48,50,23,7,40,15,1.35,7.49,2.78,4.45,0,0.1,999,3281
AJ Ramos,,2,3,4.87,0,48,0,48,47,26,8,45,22,1.43,8.48,4.17,5.03,-0.1,-0.2,999,8350
Dan Winkler,,2,2,4.67,0,48,0,48,45,25,7,47,25,1.47,8.85,4.67,4.8,-0.2,-0.1,999,12237
Blake Parker,,2,3,4.56,0,50,0,50,49,25,8,48,19,1.37,8.55,3.48,4.58,0.1,0,999,5224
Greg Holland,,3,3,4.38,0,52,0,52,49,25,7,52,24,1.41,9.02,4.14,4.44,0.1,0.1,599.2,7196
Scott Kazmir,,3,4,4.63,10,10,0,53,54,27,8,45,19,1.39,7.7,3.23,4.68,0.4,0.5,999,4897
Tanner Roark,,3,4,5.02,10,10,0,53,57,30,9,42,19,1.43,7.12,3.15,5.01,0.3,0.2,999,8753
Sean Doolittle,,3,3,4.58,0,54,0,54,51,28,10,55,21,1.32,9.12,3.43,4.72,0,0,999,1581
Jesse Chavez,,3,3,4.15,0,56,0,56,55,26,8,55,18,1.3,8.86,2.9,4.15,0.2,0.2,999,5448
Adam Morgan,,3,3,4.19,0,56,0,56,53,26,8,56,23,1.36,8.94,3.69,4.31,0.2,0.2,999,12580
Andrew Miller,,3,3,4.58,0,56,0,56,55,29,8,53,25,1.43,8.58,4.07,4.7,-0.1,-0.1,999,6785
Daniel Norris,,3,3,3.84,0,57,0,57,53,24,7,60,21,1.28,9.46,3.24,3.88,0.4,0.5,999,13475
Chris Martin,,3,3,4.04,0,58,0,58,58,26,8,54,14,1.25,8.36,2.23,3.96,0.3,0.4,594.6,11847
Heath Hembree,,3,3,4.26,0,58,0,58,51,27,9,69,24,1.29,10.69,3.79,4.24,0.3,0.3,999,11632
Hunter Strickland,,3,3,4.66,0,58,0,58,56,30,9,55,23,1.38,8.55,3.62,4.72,0,0,599.9,7836
Joe Kelly,,3,3,3.62,0,59,0,59,53,24,6,63,25,1.32,9.67,3.87,3.72,0.5,0.6,999,9761
Trevor Rosenthal,,3,3,3.94,0,59,0,59,49,26,7,72,32,1.37,11.03,4.9,4.04,0.3,0.4,508.7,10745
David Robertson,,3,3,3.94,0,60,0,60,54,26,8,66,25,1.31,9.96,3.7,3.94,0.3,0.5,600.3,8241
Derek Holland,,3,3,4.03,0,60,0,60,55,27,9,65,23,1.3,9.68,3.45,4.17,0.3,0.4,999,4141
Wade LeBlanc,,3,4,5.16,11,11,0,60,67,34,11,43,20,1.44,6.48,2.98,5.24,0.2,0.2,999,5221
Tony Watson,,3,3,4.15,0,60,0,60,59,28,8,54,20,1.32,8.1,3.03,4.26,0.2,0.3,999,3132
Rafael Dolis,,3,3,4.29,0,60,0,60,54,29,7,65,32,1.44,9.7,4.83,4.36,0.2,0.2,999,4185
Tyler Clippard,,3,3,4.94,0,60,0,60,60,33,11,56,21,1.35,8.38,3.15,4.95,-0.3,-0.2,595.5,5640
Archie Bradley,,3,3,4.5,0,61,0,61,62,31,8,53,25,1.43,7.78,3.73,4.55,0.1,0,596.5,12918
Ian Kennedy,,3,3,4.26,0,62,0,62,58,29,10,66,20,1.26,9.59,2.95,4.31,0.3,0.3,371.4,6986
Collin McHugh,,3,3,3.75,0,63,0,63,57,26,8,69,20,1.22,9.93,2.87,3.74,0.6,0.6,511.8,7531
Cole Hamels,,4,4,4.7,11,11,0,64,66,33,9,53,24,1.41,7.56,3.39,4.7,0.5,0.5,999,4972
Sergio Romo,,3,3,4.75,0,64,0,64,65,34,11,59,23,1.37,8.3,3.25,4.73,0,-0.1,600.3,9817
Jeurys Familia,,3,3,3.98,0,65,0,65,59,29,7,68,30,1.37,9.38,4.13,4.04,0.4,0.4,599.9,5114
Brad Boxberger,,3,3,4.24,0,65,0,65,58,31,9,72,30,1.35,10.02,4.11,4.29,0.2,0.2,539.7,10133
Richard Rodriguez,,3,3,4.68,0,65,0,65,66,34,11,59,20,1.32,8.1,2.71,4.69,0,-0.1,503.5,13549
Ryan Tepera,,3,3,3.97,0,66,0,66,59,29,9,72,26,1.29,9.77,3.57,4.02,0.5,0.5,573.4,10291
Mychal Givens,,3,3,4.16,0,66,0,66,59,31,9,72,28,1.32,9.86,3.87,4.24,0.2,0.3,588.9,10430
Kenley Jansen,,3,3,4.06,0,67,0,67,57,30,9,78,28,1.27,10.51,3.77,4.06,0.5,0.4,101.4,3096
Brad Hand,,3,3,4.16,0,67,0,67,61,31,10,72,26,1.3,9.62,3.47,4.22,0.2,0.3,537.9,9111
Adam Ottavino,,3,3,4.14,0,68,0,68,58,31,8,80,34,1.36,10.56,4.55,4.08,0.4,0.3,597,1247
Hansel Robles,,3,3,4.09,0,68,0,68,61,31,9,76,29,1.32,10.02,3.84,4.1,0.3,0.4,599.4,11801
Alex Colome,,3,3,4.2,0,68,0,68,68,32,8,61,25,1.38,8.07,3.37,4.2,0.2,0.3,499.9,6661
Jake Diekman,,4,3,3.52,0,69,0,69,54,27,7,89,35,1.3,11.55,4.61,3.73,0.6,0.9,599.4,5003
Matt Shoemaker,,4,5,4.86,13,13,0,70,75,38,12,56,24,1.41,7.13,3.09,4.89,0.5,0.4,999,4776
Andrew Chafin,,4,3,3.99,0,70,0,70,66,31,9,69,27,1.33,8.81,3.44,4.11,0.4,0.4,596.9,12988
Steve Cishek,,3,4,4.66,0,71,0,71,71,37,9,64,35,1.49,8.13,4.44,4.76,-0.1,-0.1,999,6483
Bryan Shaw,,3,4,4.52,0,72,0,72,72,36,9,66,33,1.46,8.22,4.17,4.56,0,0,597.8,8110
Yusmeiro Petit,,3,4,5.13,0,75,0,75,85,43,14,52,19,1.39,6.18,2.28,5.14,-0.3,-0.4,599.1,4020
Aaron Sanchez,,4,6,5.3,15,15,0,79,88,46,12,54,36,1.56,6.14,4.05,5.31,0.2,0.1,599,11490
Jakob Junis,,5,5,4.69,15,15,0,80,83,42,13,70,25,1.35,7.94,2.77,4.62,0.8,0.7,999,13619
Matthew Boyd,,5,5,4.11,15,15,0,81,76,37,13,83,23,1.23,9.26,2.61,4.18,1.3,1.2,593.9,15440
Jake Arrieta,,5,6,5.1,16,16,0,83,91,47,13,62,32,1.48,6.75,3.46,5.01,0.4,0.3,999,4153
Trevor Cahill,,5,6,4.85,16,16,0,87,91,47,13,71,34,1.44,7.4,3.5,4.75,0.7,0.6,999,6249
Julio Teheran,,5,7,5.3,18,18,0,96,101,57,17,83,43,1.49,7.74,4,5.31,0.4,0.2,999,6797
Danny Duffy,,6,6,4.09,18,18,0,98,90,45,15,104,35,1.27,9.52,3.16,4.17,1.6,1.5,560.4,3542
Matt Moore,,5,8,5.17,19,19,0,104,109,60,19,88,47,1.49,7.57,4.03,5.28,0.4,0.3,999,1890
Chris Archer,,6,7,4.66,19,19,0,105,105,55,17,100,39,1.37,8.57,3.31,4.63,0.9,1,599.9,6345
Matt Harvey,,6,8,4.82,21,21,0,108,117,58,18,84,31,1.37,7.02,2.57,4.75,0.9,0.8,999,11713
Vince Velasquez,,6,8,4.84,21,21,0,108,104,58,19,107,46,1.39,8.93,3.82,4.93,0.7,0.8,999,11189
Chad Kuhl,,6,7,4.7,16,44,0,115,113,60,18,112,52,1.43,8.76,4.03,4.71,0.5,0.7,999,14975
Brett Anderson,,7,8,4.54,23,23,0,116,133,58,14,70,35,1.45,5.42,2.69,4.58,1,1.1,599.2,8223
Dan Straily,,5,9,5.63,21,21,0,119,130,74,25,92,45,1.48,6.96,3.42,5.69,-0.2,-0.1,585.8,9460
Martin Perez,,7,8,4.5,23,23,0,120,126,60,17,100,43,1.4,7.53,3.19,4.54,1.2,1.2,600.9,6902
Steven Brault,,7,9,4.96,23,23,0,120,127,66,18,95,54,1.5,7.1,4.06,5.06,0.4,0.6,999,15291
Drew Smyly,,7,8,4.74,23,23,0,121,123,64,21,114,44,1.37,8.44,3.25,4.77,1,1,541.1,11760
Jose Urena,,7,9,4.91,23,23,0,121,134,66,18,88,44,1.47,6.53,3.29,4.92,0.7,0.7,999,11589
Mike Foltynewicz,,6,9,5.15,23,23,0,126,137,72,24,99,42,1.42,7.03,3.01,5.17,0.5,0.4,600.6,10811
Mike Fiers,,6,10,5.48,23,23,0,127,147,78,25,85,38,1.45,5.99,2.68,5.48,0.3,0.1,999,7754
Kwang-hyun Kim,,8,9,4.54,24,24,0,129,137,65,19,103,44,1.4,7.18,3.05,4.61,1.3,1.3,535.6,27458
Garrett Richards,,7,9,4.65,24,24,0,130,134,67,19,113,54,1.44,7.81,3.74,4.66,1.2,1.1,598.6,9784
Carlos Martinez,,7,9,4.94,24,24,0,133,142,73,19,104,56,1.49,7.01,3.81,4.94,0.8,0.7,599.8,11682
J.A. Happ,,8,10,4.87,26,26,0,140,149,76,25,118,45,1.38,7.57,2.91,4.85,0.9,0.9,583.7,7410
Wily Peralta,,8,10,4.85,26,26,0,143,153,77,21,111,59,1.48,6.98,3.69,4.87,1,0.9,595.4,7738
Johnny Cueto,,8,10,4.85,26,26,0,143,153,77,25,119,45,1.38,7.44,2.82,4.89,1,0.9,570.9,6893
Clayton Kershaw,,10,8,3.57,26,26,0,148,138,59,19,155,35,1.17,9.42,2.11,3.58,3.1,3.2,181,2036
Carlos Rodon,,11,8,3.48,28,28,0,154,126,59,19,193,49,1.13,11.33,2.84,3.38,3.8,3.6,133.3,16137
Zach Davies,,8,11,5.16,29,29,0,156,173,89,26,117,63,1.51,6.78,3.61,5.13,0.5,0.5,578.9,13183
Jordan Lyles,,7,12,5.51,28,28,0,158,174,97,34,125,56,1.45,7.12,3.17,5.53,0.6,0.3,549.3,7593
Zack Greinke,,9,10,4.42,28,28,0,160,171,78,25,129,37,1.3,7.27,2.09,4.38,1.9,1.8,331.8,1943
Michael Pineda,,9,11,4.68,29,29,0,167,179,87,28,137,42,1.33,7.39,2.26,4.58,1.6,1.5,423.2,5372
Justin Verlander,,12,9,3.62,29,29,0,175,148,71,27,213,44,1.09,10.91,2.24,3.63,3.6,3.8,106.8,8700
Tyler Anderson,,10,12,4.83,32,32,0,186,196,100,35,150,55,1.35,7.27,2.68,4.96,1.3,1.4,537.9,12880
